claim,claim_type,confidence,evidence_ids,tag,label,note_id,product_id
本次获取 100 篇公开笔记；可比较样本 100 篇。,FACT,1.0,"[""note:100000000000000000000000"", ""note:100000000000000000000001"", ""note:100000000000000000000002"", ""note:100000000000000000000003"", ""note:100000000000000000000004"", ""note:100000000000000000000005"", ""note:100000000000000000000006"", ""note:100000000000000000000007"", ""note:100000000000000000000008"", ""note:100000000000000000000009"", ""note:100000000000000000000010"", ""note:100000000000000000000011"", ""note:100000000000000000000012"", ""note:100000000000000000000013"", ""note:100000000000000000000014"", ""note:100000000000000000000015"", ""note:100000000000000000000016"", ""note:100000000000000000000017"", ""note:100000000000000000000018"", ""note:100000000000000000000019"", ""note:100000000000000000000020"", ""note:100000000000000000000021"", ""note:100000000000000000000022"", ""note:100000000000000000000023"", ""note:100000000000000000000024"", ""note:100000000000000000000025"", ""note:100000000000000000000026"", ""note:100000000000000000000027"", ""note:100000000000000000000028"", ""note:100000000000000000000029"", ""note:100000000000000000000030"", ""note:100000000000000000000031"", ""note:100000000000000000000032"", ""note:100000000000000000000033"", ""note:100000000000000000000034"", ""note:100000000000000000000035"", ""note:100000000000000000000036"", ""note:100000000000000000000037"", ""note:100000000000000000000038"", ""note:100000000000000000000039"", ""note:100000000000000000000040"", ""note:100000000000000000000041"", ""note:100000000000000000000042"", ""note:100000000000000000000043"", ""note:100000000000000000000044"", ""note:100000000000000000000045"", ""note:100000000000000000000046"", ""note:100000000000000000000047"", ""note:100000000000000000000048"", ""note:100000000000000000000049"", ""note:100000000000000000000050"", ""note:100000000000000000000051"", ""note:100000000000000000000052"", ""note:100000000000000000000053"", ""note:100000000000000000000054"", ""note:100000000000000000000055"", ""note:100000000000000000000056"", ""note:100000000000000000000057"", ""note:100000000000000000000058"", ""note:100000000000000000000059"", ""note:100000000000000000000060"", ""note:100000000000000000000061"", ""note:100000000000000000000062"", ""note:100000000000000000000063"", ""note:100000000000000000000064"", ""note:100000000000000000000065"", ""note:100000000000000000000066"", ""note:100000000000000000000067"", ""note:100000000000000000000068"", ""note:100000000000000000000069"", ""note:100000000000000000000070"", ""note:100000000000000000000071"", ""note:100000000000000000000072"", ""note:100000000000000000000073"", ""note:100000000000000000000074"", ""note:100000000000000000000075"", ""note:100000000000000000000076"", ""note:100000000000000000000077"", ""note:100000000000000000000078"", ""note:100000000000000000000079"", ""note:100000000000000000000080"", ""note:100000000000000000000081"", ""note:100000000000000000000082"", ""note:100000000000000000000083"", ""note:100000000000000000000084"", ""note:100000000000000000000085"", ""note:100000000000000000000086"", ""note:100000000000000000000087"", ""note:100000000000000000000088"", ""note:100000000000000000000089"", ""note:100000000000000000000090"", ""note:100000000000000000000091"", ""note:100000000000000000000092"", ""note:100000000000000000000093"", ""note:100000000000000000000094"", ""note:100000000000000000000095"", ""note:100000000000000000000096"", ""note:100000000000000000000097"", ""note:100000000000000000000098"", ""note:100000000000000000000099"", ""note:100000000000000000000075:detail"", ""note:100000000000000000000076:detail"", ""note:100000000000000000000077:detail"", ""note:100000000000000000000083:detail"", ""note:100000000000000000000084:detail"", ""note:100000000000000000000085:detail"", ""note:100000000000000000000086:detail"", ""note:100000000000000000000087:detail"", ""note:100000000000000000000088:detail"", ""note:100000000000000000000089:detail"", ""note:100000000000000000000090:detail"", ""note:100000000000000000000091:detail"", ""note:100000000000000000000092:detail"", ""note:100000000000000000000093:detail"", ""note:100000000000000000000094:detail"", ""note:100000000000000000000095:detail"", ""note:100000000000000000000096:detail"", ""note:100000000000000000000097:detail"", ""note:100000000000000000000098:detail"", ""note:100000000000000000000099:detail""]",未获取到公开数据,未获取到公开数据,未获取到公开数据,未获取到公开数据
笔记「小户型冰箱如何处理尺寸不合？第100次使用记录」相对互动指数 169.51（内部研究指标）。,ANALYSIS,0.85,"[""note:100000000000000000000099""]",未获取到公开数据,未获取到公开数据,未获取到公开数据,未获取到公开数据
笔记「宿舍桌面如何处理容易串味？第99次使用记录」相对互动指数 166.02（内部研究指标）。,ANALYSIS,0.85,"[""note:100000000000000000000098""]",未获取到公开数据,未获取到公开数据,未获取到公开数据,未获取到公开数据
笔记「租房厨房如何处理空间不够？第91次使用记录」相对互动指数 164.37（内部研究指标）。,ANALYSIS,0.85,"[""note:100000000000000000000090""]",未获取到公开数据,未获取到公开数据,未获取到公开数据,未获取到公开数据
样本内容围绕有限空间的日常收纳，用场景演示解释商品选择与使用取舍。,ANALYSIS,0.65,"[""note:100000000000000000000099"", ""note:100000000000000000000098"", ""note:100000000000000000000090""]",未获取到公开数据,未获取到公开数据,未获取到公开数据,未获取到公开数据
样本内容围绕有限空间的日常收纳，用场景演示解释商品选择与使用取舍。,ANALYSIS,0.65,"[""note:100000000000000000000099"", ""note:100000000000000000000098"", ""note:100000000000000000000090""]",未获取到公开数据,未获取到公开数据,未获取到公开数据,未获取到公开数据
用户提问→实测回应→使用提醒,ANALYSIS,0.65,"[""note:100000000000000000000099""]",用户提问→实测回应→使用提醒,未获取到公开数据,未获取到公开数据,未获取到公开数据
以具体使用情境提出选择问题，让读者预判内容用途。,ANALYSIS,0.65,"[""note:100000000000000000000099""]",未获取到公开数据,未获取到公开数据,未获取到公开数据,未获取到公开数据
先描述限制，再展示使用过程，最后说明不适合的情形。,ANALYSIS,0.65,"[""note:100000000000000000000099""]",未获取到公开数据,未获取到公开数据,未获取到公开数据,未获取到公开数据
小户型冰箱,ANALYSIS,0.65,"[""note:100000000000000000000099""]",小户型冰箱,未获取到公开数据,未获取到公开数据,未获取到公开数据
尺寸不合,ANALYSIS,0.65,"[""note:100000000000000000000099""]",尺寸不合,未获取到公开数据,未获取到公开数据,未获取到公开数据
文中强调便于分类与取放；这属于内容表达，尚非产品性能验证。,ANALYSIS,0.65,"[""note:100000000000000000000099""]",分类与取放,未获取到公开数据,未获取到公开数据,未获取到公开数据
常见误区→原因解释→替代方法,ANALYSIS,0.65,"[""note:100000000000000000000098""]",常见误区→原因解释→替代方法,未获取到公开数据,未获取到公开数据,未获取到公开数据
以具体使用情境提出选择问题，让读者预判内容用途。,ANALYSIS,0.65,"[""note:100000000000000000000098""]",未获取到公开数据,未获取到公开数据,未获取到公开数据,未获取到公开数据
先描述限制，再展示使用过程，最后说明不适合的情形。,ANALYSIS,0.65,"[""note:100000000000000000000098""]",未获取到公开数据,未获取到公开数据,未获取到公开数据,未获取到公开数据
宿舍桌面,ANALYSIS,0.65,"[""note:100000000000000000000098""]",宿舍桌面,未获取到公开数据,未获取到公开数据,未获取到公开数据
容易串味,ANALYSIS,0.65,"[""note:100000000000000000000098""]",容易串味,未获取到公开数据,未获取到公开数据,未获取到公开数据
文中强调便于分类与取放；这属于内容表达，尚非产品性能验证。,ANALYSIS,0.65,"[""note:100000000000000000000098""]",分类与取放,未获取到公开数据,未获取到公开数据,未获取到公开数据
场景问题→操作演示→边界说明,ANALYSIS,0.65,"[""note:100000000000000000000090""]",场景问题→操作演示→边界说明,未获取到公开数据,未获取到公开数据,未获取到公开数据
以具体使用情境提出选择问题，让读者预判内容用途。,ANALYSIS,0.65,"[""note:100000000000000000000090""]",未获取到公开数据,未获取到公开数据,未获取到公开数据,未获取到公开数据
先描述限制，再展示使用过程，最后说明不适合的情形。,ANALYSIS,0.65,"[""note:100000000000000000000090""]",未获取到公开数据,未获取到公开数据,未获取到公开数据,未获取到公开数据
租房厨房,ANALYSIS,0.65,"[""note:100000000000000000000090""]",租房厨房,未获取到公开数据,未获取到公开数据,未获取到公开数据
空间不够,ANALYSIS,0.65,"[""note:100000000000000000000090""]",空间不够,未获取到公开数据,未获取到公开数据,未获取到公开数据
文中强调便于分类与取放；这属于内容表达，尚非产品性能验证。,ANALYSIS,0.65,"[""note:100000000000000000000090""]",分类与取放,未获取到公开数据,未获取到公开数据,未获取到公开数据
真实流程→分步记录→复盘,ANALYSIS,0.65,"[""note:100000000000000000000097""]",真实流程→分步记录→复盘,未获取到公开数据,未获取到公开数据,未获取到公开数据
以具体使用情境提出选择问题，让读者预判内容用途。,ANALYSIS,0.65,"[""note:100000000000000000000097""]",未获取到公开数据,未获取到公开数据,未获取到公开数据,未获取到公开数据
先描述限制，再展示使用过程，最后说明不适合的情形。,ANALYSIS,0.65,"[""note:100000000000000000000097""]",未获取到公开数据,未获取到公开数据,未获取到公开数据,未获取到公开数据
周末备餐,ANALYSIS,0.65,"[""note:100000000000000000000097""]",周末备餐,未获取到公开数据,未获取到公开数据,未获取到公开数据
拿取费时,ANALYSIS,0.65,"[""note:100000000000000000000097""]",拿取费时,未获取到公开数据,未获取到公开数据,未获取到公开数据
文中强调便于分类与取放；这属于内容表达，尚非产品性能验证。,ANALYSIS,0.65,"[""note:100000000000000000000097""]",分类与取放,未获取到公开数据,未获取到公开数据,未获取到公开数据
用户提问→实测回应→使用提醒,ANALYSIS,0.65,"[""note:100000000000000000000089""]",用户提问→实测回应→使用提醒,未获取到公开数据,未获取到公开数据,未获取到公开数据
以具体使用情境提出选择问题，让读者预判内容用途。,ANALYSIS,0.65,"[""note:100000000000000000000089""]",未获取到公开数据,未获取到公开数据,未获取到公开数据,未获取到公开数据
先描述限制，再展示使用过程，最后说明不适合的情形。,ANALYSIS,0.65,"[""note:100000000000000000000089""]",未获取到公开数据,未获取到公开数据,未获取到公开数据,未获取到公开数据
小户型冰箱,ANALYSIS,0.65,"[""note:100000000000000000000089""]",小户型冰箱,未获取到公开数据,未获取到公开数据,未获取到公开数据
尺寸不合,ANALYSIS,0.65,"[""note:100000000000000000000089""]",尺寸不合,未获取到公开数据,未获取到公开数据,未获取到公开数据
文中强调便于分类与取放；这属于内容表达，尚非产品性能验证。,ANALYSIS,0.65,"[""note:100000000000000000000089""]",分类与取放,未获取到公开数据,未获取到公开数据,未获取到公开数据
两种方案对比→使用条件→取舍,ANALYSIS,0.65,"[""note:100000000000000000000096""]",两种方案对比→使用条件→取舍,未获取到公开数据,未获取到公开数据,未获取到公开数据
以具体使用情境提出选择问题，让读者预判内容用途。,ANALYSIS,0.65,"[""note:100000000000000000000096""]",未获取到公开数据,未获取到公开数据,未获取到公开数据,未获取到公开数据
先描述限制，再展示使用过程，最后说明不适合的情形。,ANALYSIS,0.65,"[""note:100000000000000000000096""]",未获取到公开数据,未获取到公开数据,未获取到公开数据,未获取到公开数据
通勤午餐,ANALYSIS,0.65,"[""note:100000000000000000000096""]",通勤午餐,未获取到公开数据,未获取到公开数据,未获取到公开数据
清洗麻烦,ANALYSIS,0.65,"[""note:100000000000000000000096""]",清洗麻烦,未获取到公开数据,未获取到公开数据,未获取到公开数据
文中强调便于分类与取放；这属于内容表达，尚非产品性能验证。,ANALYSIS,0.65,"[""note:100000000000000000000096""]",分类与取放,未获取到公开数据,未获取到公开数据,未获取到公开数据
常见误区→原因解释→替代方法,ANALYSIS,0.65,"[""note:100000000000000000000088""]",常见误区→原因解释→替代方法,未获取到公开数据,未获取到公开数据,未获取到公开数据
以具体使用情境提出选择问题，让读者预判内容用途。,ANALYSIS,0.65,"[""note:100000000000000000000088""]",未获取到公开数据,未获取到公开数据,未获取到公开数据,未获取到公开数据
先描述限制，再展示使用过程，最后说明不适合的情形。,ANALYSIS,0.65,"[""note:100000000000000000000088""]",未获取到公开数据,未获取到公开数据,未获取到公开数据,未获取到公开数据
宿舍桌面,ANALYSIS,0.65,"[""note:100000000000000000000088""]",宿舍桌面,未获取到公开数据,未获取到公开数据,未获取到公开数据
容易串味,ANALYSIS,0.65,"[""note:100000000000000000000088""]",容易串味,未获取到公开数据,未获取到公开数据,未获取到公开数据
文中强调便于分类与取放；这属于内容表达，尚非产品性能验证。,ANALYSIS,0.65,"[""note:100000000000000000000088""]",分类与取放,未获取到公开数据,未获取到公开数据,未获取到公开数据
场景问题→操作演示→边界说明,ANALYSIS,0.65,"[""note:100000000000000000000095""]",场景问题→操作演示→边界说明,未获取到公开数据,未获取到公开数据,未获取到公开数据
以具体使用情境提出选择问题，让读者预判内容用途。,ANALYSIS,0.65,"[""note:100000000000000000000095""]",未获取到公开数据,未获取到公开数据,未获取到公开数据,未获取到公开数据
先描述限制，再展示使用过程，最后说明不适合的情形。,ANALYSIS,0.65,"[""note:100000000000000000000095""]",未获取到公开数据,未获取到公开数据,未获取到公开数据,未获取到公开数据
租房厨房,ANALYSIS,0.65,"[""note:100000000000000000000095""]",租房厨房,未获取到公开数据,未获取到公开数据,未获取到公开数据
空间不够,ANALYSIS,0.65,"[""note:100000000000000000000095""]",空间不够,未获取到公开数据,未获取到公开数据,未获取到公开数据
文中强调便于分类与取放；这属于内容表达，尚非产品性能验证。,ANALYSIS,0.65,"[""note:100000000000000000000095""]",分类与取放,未获取到公开数据,未获取到公开数据,未获取到公开数据
真实流程→分步记录→复盘,ANALYSIS,0.65,"[""note:100000000000000000000087""]",真实流程→分步记录→复盘,未获取到公开数据,未获取到公开数据,未获取到公开数据
以具体使用情境提出选择问题，让读者预判内容用途。,ANALYSIS,0.65,"[""note:100000000000000000000087""]",未获取到公开数据,未获取到公开数据,未获取到公开数据,未获取到公开数据
先描述限制，再展示使用过程，最后说明不适合的情形。,ANALYSIS,0.65,"[""note:100000000000000000000087""]",未获取到公开数据,未获取到公开数据,未获取到公开数据,未获取到公开数据
周末备餐,ANALYSIS,0.65,"[""note:100000000000000000000087""]",周末备餐,未获取到公开数据,未获取到公开数据,未获取到公开数据
拿取费时,ANALYSIS,0.65,"[""note:100000000000000000000087""]",拿取费时,未获取到公开数据,未获取到公开数据,未获取到公开数据
文中强调便于分类与取放；这属于内容表达，尚非产品性能验证。,ANALYSIS,0.65,"[""note:100000000000000000000087""]",分类与取放,未获取到公开数据,未获取到公开数据,未获取到公开数据
用户提问→实测回应→使用提醒,ANALYSIS,0.65,"[""note:100000000000000000000094""]",用户提问→实测回应→使用提醒,未获取到公开数据,未获取到公开数据,未获取到公开数据
以具体使用情境提出选择问题，让读者预判内容用途。,ANALYSIS,0.65,"[""note:100000000000000000000094""]",未获取到公开数据,未获取到公开数据,未获取到公开数据,未获取到公开数据
先描述限制，再展示使用过程，最后说明不适合的情形。,ANALYSIS,0.65,"[""note:100000000000000000000094""]",未获取到公开数据,未获取到公开数据,未获取到公开数据,未获取到公开数据
小户型冰箱,ANALYSIS,0.65,"[""note:100000000000000000000094""]",小户型冰箱,未获取到公开数据,未获取到公开数据,未获取到公开数据
尺寸不合,ANALYSIS,0.65,"[""note:100000000000000000000094""]",尺寸不合,未获取到公开数据,未获取到公开数据,未获取到公开数据
文中强调便于分类与取放；这属于内容表达，尚非产品性能验证。,ANALYSIS,0.65,"[""note:100000000000000000000094""]",分类与取放,未获取到公开数据,未获取到公开数据,未获取到公开数据
两种方案对比→使用条件→取舍,ANALYSIS,0.65,"[""note:100000000000000000000086""]",两种方案对比→使用条件→取舍,未获取到公开数据,未获取到公开数据,未获取到公开数据
以具体使用情境提出选择问题，让读者预判内容用途。,ANALYSIS,0.65,"[""note:100000000000000000000086""]",未获取到公开数据,未获取到公开数据,未获取到公开数据,未获取到公开数据
先描述限制，再展示使用过程，最后说明不适合的情形。,ANALYSIS,0.65,"[""note:100000000000000000000086""]",未获取到公开数据,未获取到公开数据,未获取到公开数据,未获取到公开数据
通勤午餐,ANALYSIS,0.65,"[""note:100000000000000000000086""]",通勤午餐,未获取到公开数据,未获取到公开数据,未获取到公开数据
清洗麻烦,ANALYSIS,0.65,"[""note:100000000000000000000086""]",清洗麻烦,未获取到公开数据,未获取到公开数据,未获取到公开数据
文中强调便于分类与取放；这属于内容表达，尚非产品性能验证。,ANALYSIS,0.65,"[""note:100000000000000000000086""]",分类与取放,未获取到公开数据,未获取到公开数据,未获取到公开数据
常见误区→原因解释→替代方法,ANALYSIS,0.65,"[""note:100000000000000000000093""]",常见误区→原因解释→替代方法,未获取到公开数据,未获取到公开数据,未获取到公开数据
以具体使用情境提出选择问题，让读者预判内容用途。,ANALYSIS,0.65,"[""note:100000000000000000000093""]",未获取到公开数据,未获取到公开数据,未获取到公开数据,未获取到公开数据
先描述限制，再展示使用过程，最后说明不适合的情形。,ANALYSIS,0.65,"[""note:100000000000000000000093""]",未获取到公开数据,未获取到公开数据,未获取到公开数据,未获取到公开数据
宿舍桌面,ANALYSIS,0.65,"[""note:100000000000000000000093""]",宿舍桌面,未获取到公开数据,未获取到公开数据,未获取到公开数据
容易串味,ANALYSIS,0.65,"[""note:100000000000000000000093""]",容易串味,未获取到公开数据,未获取到公开数据,未获取到公开数据
文中强调便于分类与取放；这属于内容表达，尚非产品性能验证。,ANALYSIS,0.65,"[""note:100000000000000000000093""]",分类与取放,未获取到公开数据,未获取到公开数据,未获取到公开数据
真实流程→分步记录→复盘,ANALYSIS,0.65,"[""note:100000000000000000000077""]",真实流程→分步记录→复盘,未获取到公开数据,未获取到公开数据,未获取到公开数据
以具体使用情境提出选择问题，让读者预判内容用途。,ANALYSIS,0.65,"[""note:100000000000000000000077""]",未获取到公开数据,未获取到公开数据,未获取到公开数据,未获取到公开数据
先描述限制，再展示使用过程，最后说明不适合的情形。,ANALYSIS,0.65,"[""note:100000000000000000000077""]",未获取到公开数据,未获取到公开数据,未获取到公开数据,未获取到公开数据
周末备餐,ANALYSIS,0.65,"[""note:100000000000000000000077""]",周末备餐,未获取到公开数据,未获取到公开数据,未获取到公开数据
拿取费时,ANALYSIS,0.65,"[""note:100000000000000000000077""]",拿取费时,未获取到公开数据,未获取到公开数据,未获取到公开数据
文中强调便于分类与取放；这属于内容表达，尚非产品性能验证。,ANALYSIS,0.65,"[""note:100000000000000000000077""]",分类与取放,未获取到公开数据,未获取到公开数据,未获取到公开数据
场景问题→操作演示→边界说明,ANALYSIS,0.65,"[""note:100000000000000000000085""]",场景问题→操作演示→边界说明,未获取到公开数据,未获取到公开数据,未获取到公开数据
以具体使用情境提出选择问题，让读者预判内容用途。,ANALYSIS,0.65,"[""note:100000000000000000000085""]",未获取到公开数据,未获取到公开数据,未获取到公开数据,未获取到公开数据
先描述限制，再展示使用过程，最后说明不适合的情形。,ANALYSIS,0.65,"[""note:100000000000000000000085""]",未获取到公开数据,未获取到公开数据,未获取到公开数据,未获取到公开数据
租房厨房,ANALYSIS,0.65,"[""note:100000000000000000000085""]",租房厨房,未获取到公开数据,未获取到公开数据,未获取到公开数据
空间不够,ANALYSIS,0.65,"[""note:100000000000000000000085""]",空间不够,未获取到公开数据,未获取到公开数据,未获取到公开数据
文中强调便于分类与取放；这属于内容表达，尚非产品性能验证。,ANALYSIS,0.65,"[""note:100000000000000000000085""]",分类与取放,未获取到公开数据,未获取到公开数据,未获取到公开数据
用户提问→实测回应→使用提醒,ANALYSIS,0.65,"[""note:100000000000000000000084""]",用户提问→实测回应→使用提醒,未获取到公开数据,未获取到公开数据,未获取到公开数据
以具体使用情境提出选择问题，让读者预判内容用途。,ANALYSIS,0.65,"[""note:100000000000000000000084""]",未获取到公开数据,未获取到公开数据,未获取到公开数据,未获取到公开数据
先描述限制，再展示使用过程，最后说明不适合的情形。,ANALYSIS,0.65,"[""note:100000000000000000000084""]",未获取到公开数据,未获取到公开数据,未获取到公开数据,未获取到公开数据
小户型冰箱,ANALYSIS,0.65,"[""note:100000000000000000000084""]",小户型冰箱,未获取到公开数据,未获取到公开数据,未获取到公开数据
尺寸不合,ANALYSIS,0.65,"[""note:100000000000000000000084""]",尺寸不合,未获取到公开数据,未获取到公开数据,未获取到公开数据
文中强调便于分类与取放；这属于内容表达，尚非产品性能验证。,ANALYSIS,0.65,"[""note:100000000000000000000084""]",分类与取放,未获取到公开数据,未获取到公开数据,未获取到公开数据
真实流程→分步记录→复盘,ANALYSIS,0.65,"[""note:100000000000000000000092""]",真实流程→分步记录→复盘,未获取到公开数据,未获取到公开数据,未获取到公开数据
以具体使用情境提出选择问题，让读者预判内容用途。,ANALYSIS,0.65,"[""note:100000000000000000000092""]",未获取到公开数据,未获取到公开数据,未获取到公开数据,未获取到公开数据
先描述限制，再展示使用过程，最后说明不适合的情形。,ANALYSIS,0.65,"[""note:100000000000000000000092""]",未获取到公开数据,未获取到公开数据,未获取到公开数据,未获取到公开数据
周末备餐,ANALYSIS,0.65,"[""note:100000000000000000000092""]",周末备餐,未获取到公开数据,未获取到公开数据,未获取到公开数据
拿取费时,ANALYSIS,0.65,"[""note:100000000000000000000092""]",拿取费时,未获取到公开数据,未获取到公开数据,未获取到公开数据
文中强调便于分类与取放；这属于内容表达，尚非产品性能验证。,ANALYSIS,0.65,"[""note:100000000000000000000092""]",分类与取放,未获取到公开数据,未获取到公开数据,未获取到公开数据
两种方案对比→使用条件→取舍,ANALYSIS,0.65,"[""note:100000000000000000000076""]",两种方案对比→使用条件→取舍,未获取到公开数据,未获取到公开数据,未获取到公开数据
以具体使用情境提出选择问题，让读者预判内容用途。,ANALYSIS,0.65,"[""note:100000000000000000000076""]",未获取到公开数据,未获取到公开数据,未获取到公开数据,未获取到公开数据
先描述限制，再展示使用过程，最后说明不适合的情形。,ANALYSIS,0.65,"[""note:100000000000000000000076""]",未获取到公开数据,未获取到公开数据,未获取到公开数据,未获取到公开数据
通勤午餐,ANALYSIS,0.65,"[""note:100000000000000000000076""]",通勤午餐,未获取到公开数据,未获取到公开数据,未获取到公开数据
清洗麻烦,ANALYSIS,0.65,"[""note:100000000000000000000076""]",清洗麻烦,未获取到公开数据,未获取到公开数据,未获取到公开数据
文中强调便于分类与取放；这属于内容表达，尚非产品性能验证。,ANALYSIS,0.65,"[""note:100000000000000000000076""]",分类与取放,未获取到公开数据,未获取到公开数据,未获取到公开数据
常见误区→原因解释→替代方法,ANALYSIS,0.65,"[""note:100000000000000000000083""]",常见误区→原因解释→替代方法,未获取到公开数据,未获取到公开数据,未获取到公开数据
以具体使用情境提出选择问题，让读者预判内容用途。,ANALYSIS,0.65,"[""note:100000000000000000000083""]",未获取到公开数据,未获取到公开数据,未获取到公开数据,未获取到公开数据
先描述限制，再展示使用过程，最后说明不适合的情形。,ANALYSIS,0.65,"[""note:100000000000000000000083""]",未获取到公开数据,未获取到公开数据,未获取到公开数据,未获取到公开数据
宿舍桌面,ANALYSIS,0.65,"[""note:100000000000000000000083""]",宿舍桌面,未获取到公开数据,未获取到公开数据,未获取到公开数据
容易串味,ANALYSIS,0.65,"[""note:100000000000000000000083""]",容易串味,未获取到公开数据,未获取到公开数据,未获取到公开数据
文中强调便于分类与取放；这属于内容表达，尚非产品性能验证。,ANALYSIS,0.65,"[""note:100000000000000000000083""]",分类与取放,未获取到公开数据,未获取到公开数据,未获取到公开数据
两种方案对比→使用条件→取舍,ANALYSIS,0.65,"[""note:100000000000000000000091""]",两种方案对比→使用条件→取舍,未获取到公开数据,未获取到公开数据,未获取到公开数据
以具体使用情境提出选择问题，让读者预判内容用途。,ANALYSIS,0.65,"[""note:100000000000000000000091""]",未获取到公开数据,未获取到公开数据,未获取到公开数据,未获取到公开数据
先描述限制，再展示使用过程，最后说明不适合的情形。,ANALYSIS,0.65,"[""note:100000000000000000000091""]",未获取到公开数据,未获取到公开数据,未获取到公开数据,未获取到公开数据
通勤午餐,ANALYSIS,0.65,"[""note:100000000000000000000091""]",通勤午餐,未获取到公开数据,未获取到公开数据,未获取到公开数据
清洗麻烦,ANALYSIS,0.65,"[""note:100000000000000000000091""]",清洗麻烦,未获取到公开数据,未获取到公开数据,未获取到公开数据
文中强调便于分类与取放；这属于内容表达，尚非产品性能验证。,ANALYSIS,0.65,"[""note:100000000000000000000091""]",分类与取放,未获取到公开数据,未获取到公开数据,未获取到公开数据
场景问题→操作演示→边界说明,ANALYSIS,0.65,"[""note:100000000000000000000075""]",场景问题→操作演示→边界说明,未获取到公开数据,未获取到公开数据,未获取到公开数据
以具体使用情境提出选择问题，让读者预判内容用途。,ANALYSIS,0.65,"[""note:100000000000000000000075""]",未获取到公开数据,未获取到公开数据,未获取到公开数据,未获取到公开数据
先描述限制，再展示使用过程，最后说明不适合的情形。,ANALYSIS,0.65,"[""note:100000000000000000000075""]",未获取到公开数据,未获取到公开数据,未获取到公开数据,未获取到公开数据
租房厨房,ANALYSIS,0.65,"[""note:100000000000000000000075""]",租房厨房,未获取到公开数据,未获取到公开数据,未获取到公开数据
空间不够,ANALYSIS,0.65,"[""note:100000000000000000000075""]",空间不够,未获取到公开数据,未获取到公开数据,未获取到公开数据
文中强调便于分类与取放；这属于内容表达，尚非产品性能验证。,ANALYSIS,0.65,"[""note:100000000000000000000075""]",分类与取放,未获取到公开数据,未获取到公开数据,未获取到公开数据
评论样本出现“空间不够”相关表达，可进一步测试这一使用阻碍；不能外推为全市场需求。,ANALYSIS,0.65,"[""comment:mock-c99-0"", ""comment:mock-c99-5"", ""comment:mock-c99-10"", ""comment:mock-c99-15"", ""comment:mock-c99-20""]",空间不够,未获取到公开数据,未获取到公开数据,未获取到公开数据
评论样本出现“清洗麻烦”相关表达，可进一步测试这一使用阻碍；不能外推为全市场需求。,ANALYSIS,0.65,"[""comment:mock-c99-1"", ""comment:mock-c99-6"", ""comment:mock-c99-11"", ""comment:mock-c99-16"", ""comment:mock-c99-21""]",清洗麻烦,未获取到公开数据,未获取到公开数据,未获取到公开数据
评论样本出现“拿取费时”相关表达，可进一步测试这一使用阻碍；不能外推为全市场需求。,ANALYSIS,0.65,"[""comment:mock-c99-2"", ""comment:mock-c99-7"", ""comment:mock-c99-12"", ""comment:mock-c99-17"", ""comment:mock-c99-22""]",拿取费时,未获取到公开数据,未获取到公开数据,未获取到公开数据
评论样本出现“容易串味”相关表达，可进一步测试这一使用阻碍；不能外推为全市场需求。,ANALYSIS,0.65,"[""comment:mock-c99-3"", ""comment:mock-c99-8"", ""comment:mock-c99-13"", ""comment:mock-c99-18"", ""comment:mock-c99-23""]",容易串味,未获取到公开数据,未获取到公开数据,未获取到公开数据
评论样本出现“尺寸不合”相关表达，可进一步测试这一使用阻碍；不能外推为全市场需求。,ANALYSIS,0.65,"[""comment:mock-c99-4"", ""comment:mock-c99-9"", ""comment:mock-c99-14"", ""comment:mock-c99-19"", ""comment:mock-c99-24""]",尺寸不合,未获取到公开数据,未获取到公开数据,未获取到公开数据
围绕可叠放保鲜盒测试“空间不够”的解决方式：先比较用户提问与收藏反馈，再验证实际使用体验；不预估销量。,INFERENCE,0.4,"[""product:mock-p0"", ""note:100000000000000000000099""]",未获取到公开数据,基于竞品公开数据形成的测试假设,未获取到公开数据,未获取到公开数据
围绕分隔午餐盒测试“清洗麻烦”的解决方式：先比较用户提问与收藏反馈，再验证实际使用体验；不预估销量。,INFERENCE,0.4,"[""product:mock-p1"", ""note:100000000000000000000098""]",未获取到公开数据,基于竞品公开数据形成的测试假设,未获取到公开数据,未获取到公开数据
围绕抽屉收纳盘测试“拿取费时”的解决方式：先比较用户提问与收藏反馈，再验证实际使用体验；不预估销量。,INFERENCE,0.4,"[""product:mock-p2"", ""note:100000000000000000000090""]",未获取到公开数据,基于竞品公开数据形成的测试假设,未获取到公开数据,未获取到公开数据
测试模型：场景问题→操作演示→边界说明；同一商品固定主题，只改变叙事顺序，比较账号自身互动。,INFERENCE,0.4,"[""note:100000000000000000000099"", ""note:100000000000000000000098"", ""note:100000000000000000000090""]",未获取到公开数据,基于竞品公开数据形成的测试假设,未获取到公开数据,未获取到公开数据
测试模型：两种方案对比→使用条件→取舍；同一商品固定主题，只改变叙事顺序，比较账号自身互动。,INFERENCE,0.4,"[""note:100000000000000000000099"", ""note:100000000000000000000098"", ""note:100000000000000000000090""]",未获取到公开数据,基于竞品公开数据形成的测试假设,未获取到公开数据,未获取到公开数据
测试模型：真实流程→分步记录→复盘；同一商品固定主题，只改变叙事顺序，比较账号自身互动。,INFERENCE,0.4,"[""note:100000000000000000000099"", ""note:100000000000000000000098"", ""note:100000000000000000000090""]",未获取到公开数据,基于竞品公开数据形成的测试假设,未获取到公开数据,未获取到公开数据
测试模型：常见误区→原因解释→替代方法；同一商品固定主题，只改变叙事顺序，比较账号自身互动。,INFERENCE,0.4,"[""note:100000000000000000000099"", ""note:100000000000000000000098"", ""note:100000000000000000000090""]",未获取到公开数据,基于竞品公开数据形成的测试假设,未获取到公开数据,未获取到公开数据
测试模型：用户提问→实测回应→使用提醒；同一商品固定主题，只改变叙事顺序，比较账号自身互动。,INFERENCE,0.4,"[""note:100000000000000000000099"", ""note:100000000000000000000098"", ""note:100000000000000000000090""]",未获取到公开数据,基于竞品公开数据形成的测试假设,未获取到公开数据,未获取到公开数据
原创标题结构：[场景]里，[商品]怎么放才顺手？,INFERENCE,0.4,"[""note:100000000000000000000099"", ""note:100000000000000000000098"", ""note:100000000000000000000090""]",未获取到公开数据,基于竞品公开数据形成的测试假设,未获取到公开数据,未获取到公开数据
原创标题结构：选[商品]前，先量这[数字]个位置,INFERENCE,0.4,"[""note:100000000000000000000099"", ""note:100000000000000000000098"", ""note:100000000000000000000090""]",未获取到公开数据,基于竞品公开数据形成的测试假设,未获取到公开数据,未获取到公开数据
原创标题结构：[方案A]和[方案B]，我会按[条件]来选,INFERENCE,0.4,"[""note:100000000000000000000099"", ""note:100000000000000000000098"", ""note:100000000000000000000090""]",未获取到公开数据,基于竞品公开数据形成的测试假设,未获取到公开数据,未获取到公开数据
原创标题结构：[痛点]反复出现，先检查[使用步骤],INFERENCE,0.4,"[""note:100000000000000000000099"", ""note:100000000000000000000098"", ""note:100000000000000000000090""]",未获取到公开数据,基于竞品公开数据形成的测试假设,未获取到公开数据,未获取到公开数据
原创标题结构：[人群]的[场景]整理：从[小区域]开始,INFERENCE,0.4,"[""note:100000000000000000000099"", ""note:100000000000000000000098"", ""note:100000000000000000000090""]",未获取到公开数据,基于竞品公开数据形成的测试假设,未获取到公开数据,未获取到公开数据
原创标题结构：用了[时长]后，[商品]最想改的是哪一点,INFERENCE,0.4,"[""note:100000000000000000000099"", ""note:100000000000000000000098"", ""note:100000000000000000000090""]",未获取到公开数据,基于竞品公开数据形成的测试假设,未获取到公开数据,未获取到公开数据
原创标题结构：别只看[外观]：[商品]还要检查[参数],INFERENCE,0.4,"[""note:100000000000000000000099"", ""note:100000000000000000000098"", ""note:100000000000000000000090""]",未获取到公开数据,基于竞品公开数据形成的测试假设,未获取到公开数据,未获取到公开数据
原创标题结构：[预算]以内，先解决[具体问题],INFERENCE,0.4,"[""note:100000000000000000000099"", ""note:100000000000000000000098"", ""note:100000000000000000000090""]",未获取到公开数据,基于竞品公开数据形成的测试假设,未获取到公开数据,未获取到公开数据
原创标题结构：你问的[顾虑]，这次用[操作]验证,INFERENCE,0.4,"[""note:100000000000000000000099"", ""note:100000000000000000000098"", ""note:100000000000000000000090""]",未获取到公开数据,基于竞品公开数据形成的测试假设,未获取到公开数据,未获取到公开数据
原创标题结构：同样的[空间]，换个[摆放方式]会怎样,INFERENCE,0.4,"[""note:100000000000000000000099"", ""note:100000000000000000000098"", ""note:100000000000000000000090""]",未获取到公开数据,基于竞品公开数据形成的测试假设,未获取到公开数据,未获取到公开数据
封面测试结构：左右分屏呈现两种摆放方式，标注相同尺寸与条件；当前未获取竞品图片，此为文本证据启发的创意假设。,INFERENCE,0.4,"[""note:100000000000000000000099"", ""note:100000000000000000000098"", ""note:100000000000000000000090""]",未获取到公开数据,基于竞品公开数据形成的测试假设,未获取到公开数据,未获取到公开数据
封面测试结构：俯拍完整使用场景，用一处箭头指向关键障碍；当前未获取竞品图片，此为文本证据启发的创意假设。,INFERENCE,0.4,"[""note:100000000000000000000099"", ""note:100000000000000000000098"", ""note:100000000000000000000090""]",未获取到公开数据,基于竞品公开数据形成的测试假设,未获取到公开数据,未获取到公开数据
封面测试结构：商品特写搭配尺寸标尺，文字只保留一个选择问题；当前未获取竞品图片，此为文本证据启发的创意假设。,INFERENCE,0.4,"[""note:100000000000000000000099"", ""note:100000000000000000000098"", ""note:100000000000000000000090""]",未获取到公开数据,基于竞品公开数据形成的测试假设,未获取到公开数据,未获取到公开数据
封面测试结构：三帧连续动作说明取放步骤，统一背景与拍摄距离；当前未获取竞品图片，此为文本证据启发的创意假设。,INFERENCE,0.4,"[""note:100000000000000000000099"", ""note:100000000000000000000098"", ""note:100000000000000000000090""]",未获取到公开数据,基于竞品公开数据形成的测试假设,未获取到公开数据,未获取到公开数据
封面测试结构：用户问题作为短标题，下方放对应验证过程画面；当前未获取竞品图片，此为文本证据启发的创意假设。,INFERENCE,0.4,"[""note:100000000000000000000099"", ""note:100000000000000000000098"", ""note:100000000000000000000090""]",未获取到公开数据,基于竞品公开数据形成的测试假设,未获取到公开数据,未获取到公开数据
租房厨房的可叠放保鲜盒：用“尺寸测量清单”检验空间不够是否改善；记录失败条件。,INFERENCE,0.4,"[""note:100000000000000000000090""]",未获取到公开数据,基于竞品公开数据形成的测试假设,未获取到公开数据,未获取到公开数据
租房厨房的可叠放保鲜盒：用“清洗流程记录”检验空间不够是否改善；记录失败条件。,INFERENCE,0.4,"[""note:100000000000000000000090""]",未获取到公开数据,基于竞品公开数据形成的测试假设,未获取到公开数据,未获取到公开数据
租房厨房的可叠放保鲜盒：用“满载与空载取放对比”检验空间不够是否改善；记录失败条件。,INFERENCE,0.4,"[""note:100000000000000000000090""]",未获取到公开数据,基于竞品公开数据形成的测试假设,未获取到公开数据,未获取到公开数据
租房厨房的可叠放保鲜盒：用“不同摆放方向实测”检验空间不够是否改善；记录失败条件。,INFERENCE,0.4,"[""note:100000000000000000000090""]",未获取到公开数据,基于竞品公开数据形成的测试假设,未获取到公开数据,未获取到公开数据
租房厨房的可叠放保鲜盒：用“一周使用后问题复盘”检验空间不够是否改善；记录失败条件。,INFERENCE,0.4,"[""note:100000000000000000000090""]",未获取到公开数据,基于竞品公开数据形成的测试假设,未获取到公开数据,未获取到公开数据
租房厨房的可叠放保鲜盒：用“不适合人群说明”检验空间不够是否改善；记录失败条件。,INFERENCE,0.4,"[""note:100000000000000000000090""]",未获取到公开数据,基于竞品公开数据形成的测试假设,未获取到公开数据,未获取到公开数据
通勤午餐的分隔午餐盒：用“尺寸测量清单”检验清洗麻烦是否改善；记录失败条件。,INFERENCE,0.4,"[""note:100000000000000000000096""]",未获取到公开数据,基于竞品公开数据形成的测试假设,未获取到公开数据,未获取到公开数据
通勤午餐的分隔午餐盒：用“清洗流程记录”检验清洗麻烦是否改善；记录失败条件。,INFERENCE,0.4,"[""note:100000000000000000000096""]",未获取到公开数据,基于竞品公开数据形成的测试假设,未获取到公开数据,未获取到公开数据
通勤午餐的分隔午餐盒：用“满载与空载取放对比”检验清洗麻烦是否改善；记录失败条件。,INFERENCE,0.4,"[""note:100000000000000000000096""]",未获取到公开数据,基于竞品公开数据形成的测试假设,未获取到公开数据,未获取到公开数据
通勤午餐的分隔午餐盒：用“不同摆放方向实测”检验清洗麻烦是否改善；记录失败条件。,INFERENCE,0.4,"[""note:100000000000000000000096""]",未获取到公开数据,基于竞品公开数据形成的测试假设,未获取到公开数据,未获取到公开数据
通勤午餐的分隔午餐盒：用“一周使用后问题复盘”检验清洗麻烦是否改善；记录失败条件。,INFERENCE,0.4,"[""note:100000000000000000000096""]",未获取到公开数据,基于竞品公开数据形成的测试假设,未获取到公开数据,未获取到公开数据
通勤午餐的分隔午餐盒：用“不适合人群说明”检验清洗麻烦是否改善；记录失败条件。,INFERENCE,0.4,"[""note:100000000000000000000096""]",未获取到公开数据,基于竞品公开数据形成的测试假设,未获取到公开数据,未获取到公开数据
周末备餐的抽屉收纳盘：用“尺寸测量清单”检验拿取费时是否改善；记录失败条件。,INFERENCE,0.4,"[""note:100000000000000000000097""]",未获取到公开数据,基于竞品公开数据形成的测试假设,未获取到公开数据,未获取到公开数据
周末备餐的抽屉收纳盘：用“清洗流程记录”检验拿取费时是否改善；记录失败条件。,INFERENCE,0.4,"[""note:100000000000000000000097""]",未获取到公开数据,基于竞品公开数据形成的测试假设,未获取到公开数据,未获取到公开数据
周末备餐的抽屉收纳盘：用“满载与空载取放对比”检验拿取费时是否改善；记录失败条件。,INFERENCE,0.4,"[""note:100000000000000000000097""]",未获取到公开数据,基于竞品公开数据形成的测试假设,未获取到公开数据,未获取到公开数据
周末备餐的抽屉收纳盘：用“不同摆放方向实测”检验拿取费时是否改善；记录失败条件。,INFERENCE,0.4,"[""note:100000000000000000000097""]",未获取到公开数据,基于竞品公开数据形成的测试假设,未获取到公开数据,未获取到公开数据
周末备餐的抽屉收纳盘：用“一周使用后问题复盘”检验拿取费时是否改善；记录失败条件。,INFERENCE,0.4,"[""note:100000000000000000000097""]",未获取到公开数据,基于竞品公开数据形成的测试假设,未获取到公开数据,未获取到公开数据
周末备餐的抽屉收纳盘：用“不适合人群说明”检验拿取费时是否改善；记录失败条件。,INFERENCE,0.4,"[""note:100000000000000000000097""]",未获取到公开数据,基于竞品公开数据形成的测试假设,未获取到公开数据,未获取到公开数据
宿舍桌面的可叠放保鲜盒：用“尺寸测量清单”检验容易串味是否改善；记录失败条件。,INFERENCE,0.4,"[""note:100000000000000000000098""]",未获取到公开数据,基于竞品公开数据形成的测试假设,未获取到公开数据,未获取到公开数据
宿舍桌面的可叠放保鲜盒：用“清洗流程记录”检验容易串味是否改善；记录失败条件。,INFERENCE,0.4,"[""note:100000000000000000000098""]",未获取到公开数据,基于竞品公开数据形成的测试假设,未获取到公开数据,未获取到公开数据
宿舍桌面的可叠放保鲜盒：用“满载与空载取放对比”检验容易串味是否改善；记录失败条件。,INFERENCE,0.4,"[""note:100000000000000000000098""]",未获取到公开数据,基于竞品公开数据形成的测试假设,未获取到公开数据,未获取到公开数据
宿舍桌面的可叠放保鲜盒：用“不同摆放方向实测”检验容易串味是否改善；记录失败条件。,INFERENCE,0.4,"[""note:100000000000000000000098""]",未获取到公开数据,基于竞品公开数据形成的测试假设,未获取到公开数据,未获取到公开数据
宿舍桌面的可叠放保鲜盒：用“一周使用后问题复盘”检验容易串味是否改善；记录失败条件。,INFERENCE,0.4,"[""note:100000000000000000000098""]",未获取到公开数据,基于竞品公开数据形成的测试假设,未获取到公开数据,未获取到公开数据
宿舍桌面的可叠放保鲜盒：用“不适合人群说明”检验容易串味是否改善；记录失败条件。,INFERENCE,0.4,"[""note:100000000000000000000098""]",未获取到公开数据,基于竞品公开数据形成的测试假设,未获取到公开数据,未获取到公开数据
小户型冰箱的分隔午餐盒：用“尺寸测量清单”检验尺寸不合是否改善；记录失败条件。,INFERENCE,0.4,"[""note:100000000000000000000099""]",未获取到公开数据,基于竞品公开数据形成的测试假设,未获取到公开数据,未获取到公开数据
小户型冰箱的分隔午餐盒：用“清洗流程记录”检验尺寸不合是否改善；记录失败条件。,INFERENCE,0.4,"[""note:100000000000000000000099""]",未获取到公开数据,基于竞品公开数据形成的测试假设,未获取到公开数据,未获取到公开数据
小户型冰箱的分隔午餐盒：用“满载与空载取放对比”检验尺寸不合是否改善；记录失败条件。,INFERENCE,0.4,"[""note:100000000000000000000099""]",未获取到公开数据,基于竞品公开数据形成的测试假设,未获取到公开数据,未获取到公开数据
小户型冰箱的分隔午餐盒：用“不同摆放方向实测”检验尺寸不合是否改善；记录失败条件。,INFERENCE,0.4,"[""note:100000000000000000000099""]",未获取到公开数据,基于竞品公开数据形成的测试假设,未获取到公开数据,未获取到公开数据
小户型冰箱的分隔午餐盒：用“一周使用后问题复盘”检验尺寸不合是否改善；记录失败条件。,INFERENCE,0.4,"[""note:100000000000000000000099""]",未获取到公开数据,基于竞品公开数据形成的测试假设,未获取到公开数据,未获取到公开数据
小户型冰箱的分隔午餐盒：用“不适合人群说明”检验尺寸不合是否改善；记录失败条件。,INFERENCE,0.4,"[""note:100000000000000000000099""]",未获取到公开数据,基于竞品公开数据形成的测试假设,未获取到公开数据,未获取到公开数据
数据源明确关联的内容与商品；不代表购买或成交。,FACT,1.0,"[""note:100000000000000000000000"", ""product:mock-p0""]",未获取到公开数据,未获取到公开数据,100000000000000000000000,mock-p0
数据源明确关联的内容与商品；不代表购买或成交。,FACT,1.0,"[""note:100000000000000000000001"", ""product:mock-p1""]",未获取到公开数据,未获取到公开数据,100000000000000000000001,mock-p1
数据源明确关联的内容与商品；不代表购买或成交。,FACT,1.0,"[""note:100000000000000000000002"", ""product:mock-p2""]",未获取到公开数据,未获取到公开数据,100000000000000000000002,mock-p2
数据源明确关联的内容与商品；不代表购买或成交。,FACT,1.0,"[""note:100000000000000000000003"", ""product:mock-p0""]",未获取到公开数据,未获取到公开数据,100000000000000000000003,mock-p0
数据源明确关联的内容与商品；不代表购买或成交。,FACT,1.0,"[""note:100000000000000000000004"", ""product:mock-p1""]",未获取到公开数据,未获取到公开数据,100000000000000000000004,mock-p1
数据源明确关联的内容与商品；不代表购买或成交。,FACT,1.0,"[""note:100000000000000000000005"", ""product:mock-p2""]",未获取到公开数据,未获取到公开数据,100000000000000000000005,mock-p2
数据源明确关联的内容与商品；不代表购买或成交。,FACT,1.0,"[""note:100000000000000000000006"", ""product:mock-p0""]",未获取到公开数据,未获取到公开数据,100000000000000000000006,mock-p0
数据源明确关联的内容与商品；不代表购买或成交。,FACT,1.0,"[""note:100000000000000000000007"", ""product:mock-p1""]",未获取到公开数据,未获取到公开数据,100000000000000000000007,mock-p1
数据源明确关联的内容与商品；不代表购买或成交。,FACT,1.0,"[""note:100000000000000000000008"", ""product:mock-p2""]",未获取到公开数据,未获取到公开数据,100000000000000000000008,mock-p2
数据源明确关联的内容与商品；不代表购买或成交。,FACT,1.0,"[""note:100000000000000000000009"", ""product:mock-p0""]",未获取到公开数据,未获取到公开数据,100000000000000000000009,mock-p0
数据源明确关联的内容与商品；不代表购买或成交。,FACT,1.0,"[""note:100000000000000000000010"", ""product:mock-p1""]",未获取到公开数据,未获取到公开数据,100000000000000000000010,mock-p1
数据源明确关联的内容与商品；不代表购买或成交。,FACT,1.0,"[""note:100000000000000000000011"", ""product:mock-p2""]",未获取到公开数据,未获取到公开数据,100000000000000000000011,mock-p2
数据源明确关联的内容与商品；不代表购买或成交。,FACT,1.0,"[""note:100000000000000000000012"", ""product:mock-p0""]",未获取到公开数据,未获取到公开数据,100000000000000000000012,mock-p0
数据源明确关联的内容与商品；不代表购买或成交。,FACT,1.0,"[""note:100000000000000000000013"", ""product:mock-p1""]",未获取到公开数据,未获取到公开数据,100000000000000000000013,mock-p1
数据源明确关联的内容与商品；不代表购买或成交。,FACT,1.0,"[""note:100000000000000000000014"", ""product:mock-p2""]",未获取到公开数据,未获取到公开数据,100000000000000000000014,mock-p2
数据源明确关联的内容与商品；不代表购买或成交。,FACT,1.0,"[""note:100000000000000000000015"", ""product:mock-p0""]",未获取到公开数据,未获取到公开数据,100000000000000000000015,mock-p0
数据源明确关联的内容与商品；不代表购买或成交。,FACT,1.0,"[""note:100000000000000000000016"", ""product:mock-p1""]",未获取到公开数据,未获取到公开数据,100000000000000000000016,mock-p1
数据源明确关联的内容与商品；不代表购买或成交。,FACT,1.0,"[""note:100000000000000000000017"", ""product:mock-p2""]",未获取到公开数据,未获取到公开数据,100000000000000000000017,mock-p2
数据源明确关联的内容与商品；不代表购买或成交。,FACT,1.0,"[""note:100000000000000000000018"", ""product:mock-p0""]",未获取到公开数据,未获取到公开数据,100000000000000000000018,mock-p0
数据源明确关联的内容与商品；不代表购买或成交。,FACT,1.0,"[""note:100000000000000000000019"", ""product:mock-p1""]",未获取到公开数据,未获取到公开数据,100000000000000000000019,mock-p1
数据源明确关联的内容与商品；不代表购买或成交。,FACT,1.0,"[""note:100000000000000000000020"", ""product:mock-p2""]",未获取到公开数据,未获取到公开数据,100000000000000000000020,mock-p2
数据源明确关联的内容与商品；不代表购买或成交。,FACT,1.0,"[""note:100000000000000000000021"", ""product:mock-p0""]",未获取到公开数据,未获取到公开数据,100000000000000000000021,mock-p0
数据源明确关联的内容与商品；不代表购买或成交。,FACT,1.0,"[""note:100000000000000000000022"", ""product:mock-p1""]",未获取到公开数据,未获取到公开数据,100000000000000000000022,mock-p1
数据源明确关联的内容与商品；不代表购买或成交。,FACT,1.0,"[""note:100000000000000000000023"", ""product:mock-p2""]",未获取到公开数据,未获取到公开数据,100000000000000000000023,mock-p2
数据源明确关联的内容与商品；不代表购买或成交。,FACT,1.0,"[""note:100000000000000000000024"", ""product:mock-p0""]",未获取到公开数据,未获取到公开数据,100000000000000000000024,mock-p0
数据源明确关联的内容与商品；不代表购买或成交。,FACT,1.0,"[""note:100000000000000000000025"", ""product:mock-p1""]",未获取到公开数据,未获取到公开数据,100000000000000000000025,mock-p1
数据源明确关联的内容与商品；不代表购买或成交。,FACT,1.0,"[""note:100000000000000000000026"", ""product:mock-p2""]",未获取到公开数据,未获取到公开数据,100000000000000000000026,mock-p2
数据源明确关联的内容与商品；不代表购买或成交。,FACT,1.0,"[""note:100000000000000000000027"", ""product:mock-p0""]",未获取到公开数据,未获取到公开数据,100000000000000000000027,mock-p0
数据源明确关联的内容与商品；不代表购买或成交。,FACT,1.0,"[""note:100000000000000000000028"", ""product:mock-p1""]",未获取到公开数据,未获取到公开数据,100000000000000000000028,mock-p1
数据源明确关联的内容与商品；不代表购买或成交。,FACT,1.0,"[""note:100000000000000000000029"", ""product:mock-p2""]",未获取到公开数据,未获取到公开数据,100000000000000000000029,mock-p2
数据源明确关联的内容与商品；不代表购买或成交。,FACT,1.0,"[""note:100000000000000000000030"", ""product:mock-p0""]",未获取到公开数据,未获取到公开数据,100000000000000000000030,mock-p0
数据源明确关联的内容与商品；不代表购买或成交。,FACT,1.0,"[""note:100000000000000000000031"", ""product:mock-p1""]",未获取到公开数据,未获取到公开数据,100000000000000000000031,mock-p1
数据源明确关联的内容与商品；不代表购买或成交。,FACT,1.0,"[""note:100000000000000000000032"", ""product:mock-p2""]",未获取到公开数据,未获取到公开数据,100000000000000000000032,mock-p2
数据源明确关联的内容与商品；不代表购买或成交。,FACT,1.0,"[""note:100000000000000000000033"", ""product:mock-p0""]",未获取到公开数据,未获取到公开数据,100000000000000000000033,mock-p0
数据源明确关联的内容与商品；不代表购买或成交。,FACT,1.0,"[""note:100000000000000000000034"", ""product:mock-p1""]",未获取到公开数据,未获取到公开数据,100000000000000000000034,mock-p1
数据源明确关联的内容与商品；不代表购买或成交。,FACT,1.0,"[""note:100000000000000000000035"", ""product:mock-p2""]",未获取到公开数据,未获取到公开数据,100000000000000000000035,mock-p2
数据源明确关联的内容与商品；不代表购买或成交。,FACT,1.0,"[""note:100000000000000000000036"", ""product:mock-p0""]",未获取到公开数据,未获取到公开数据,100000000000000000000036,mock-p0
数据源明确关联的内容与商品；不代表购买或成交。,FACT,1.0,"[""note:100000000000000000000037"", ""product:mock-p1""]",未获取到公开数据,未获取到公开数据,100000000000000000000037,mock-p1
数据源明确关联的内容与商品；不代表购买或成交。,FACT,1.0,"[""note:100000000000000000000038"", ""product:mock-p2""]",未获取到公开数据,未获取到公开数据,100000000000000000000038,mock-p2
数据源明确关联的内容与商品；不代表购买或成交。,FACT,1.0,"[""note:100000000000000000000039"", ""product:mock-p0""]",未获取到公开数据,未获取到公开数据,100000000000000000000039,mock-p0
数据源明确关联的内容与商品；不代表购买或成交。,FACT,1.0,"[""note:100000000000000000000040"", ""product:mock-p1""]",未获取到公开数据,未获取到公开数据,100000000000000000000040,mock-p1
数据源明确关联的内容与商品；不代表购买或成交。,FACT,1.0,"[""note:100000000000000000000041"", ""product:mock-p2""]",未获取到公开数据,未获取到公开数据,100000000000000000000041,mock-p2
数据源明确关联的内容与商品；不代表购买或成交。,FACT,1.0,"[""note:100000000000000000000042"", ""product:mock-p0""]",未获取到公开数据,未获取到公开数据,100000000000000000000042,mock-p0
数据源明确关联的内容与商品；不代表购买或成交。,FACT,1.0,"[""note:100000000000000000000043"", ""product:mock-p1""]",未获取到公开数据,未获取到公开数据,100000000000000000000043,mock-p1
数据源明确关联的内容与商品；不代表购买或成交。,FACT,1.0,"[""note:100000000000000000000044"", ""product:mock-p2""]",未获取到公开数据,未获取到公开数据,100000000000000000000044,mock-p2
数据源明确关联的内容与商品；不代表购买或成交。,FACT,1.0,"[""note:100000000000000000000045"", ""product:mock-p0""]",未获取到公开数据,未获取到公开数据,100000000000000000000045,mock-p0
数据源明确关联的内容与商品；不代表购买或成交。,FACT,1.0,"[""note:100000000000000000000046"", ""product:mock-p1""]",未获取到公开数据,未获取到公开数据,100000000000000000000046,mock-p1
数据源明确关联的内容与商品；不代表购买或成交。,FACT,1.0,"[""note:100000000000000000000047"", ""product:mock-p2""]",未获取到公开数据,未获取到公开数据,100000000000000000000047,mock-p2
数据源明确关联的内容与商品；不代表购买或成交。,FACT,1.0,"[""note:100000000000000000000048"", ""product:mock-p0""]",未获取到公开数据,未获取到公开数据,100000000000000000000048,mock-p0
数据源明确关联的内容与商品；不代表购买或成交。,FACT,1.0,"[""note:100000000000000000000049"", ""product:mock-p1""]",未获取到公开数据,未获取到公开数据,100000000000000000000049,mock-p1
数据源明确关联的内容与商品；不代表购买或成交。,FACT,1.0,"[""note:100000000000000000000050"", ""product:mock-p2""]",未获取到公开数据,未获取到公开数据,100000000000000000000050,mock-p2
数据源明确关联的内容与商品；不代表购买或成交。,FACT,1.0,"[""note:100000000000000000000051"", ""product:mock-p0""]",未获取到公开数据,未获取到公开数据,100000000000000000000051,mock-p0
数据源明确关联的内容与商品；不代表购买或成交。,FACT,1.0,"[""note:100000000000000000000052"", ""product:mock-p1""]",未获取到公开数据,未获取到公开数据,100000000000000000000052,mock-p1
数据源明确关联的内容与商品；不代表购买或成交。,FACT,1.0,"[""note:100000000000000000000053"", ""product:mock-p2""]",未获取到公开数据,未获取到公开数据,100000000000000000000053,mock-p2
数据源明确关联的内容与商品；不代表购买或成交。,FACT,1.0,"[""note:100000000000000000000054"", ""product:mock-p0""]",未获取到公开数据,未获取到公开数据,100000000000000000000054,mock-p0
数据源明确关联的内容与商品；不代表购买或成交。,FACT,1.0,"[""note:100000000000000000000055"", ""product:mock-p1""]",未获取到公开数据,未获取到公开数据,100000000000000000000055,mock-p1
数据源明确关联的内容与商品；不代表购买或成交。,FACT,1.0,"[""note:100000000000000000000056"", ""product:mock-p2""]",未获取到公开数据,未获取到公开数据,100000000000000000000056,mock-p2
数据源明确关联的内容与商品；不代表购买或成交。,FACT,1.0,"[""note:100000000000000000000057"", ""product:mock-p0""]",未获取到公开数据,未获取到公开数据,100000000000000000000057,mock-p0
数据源明确关联的内容与商品；不代表购买或成交。,FACT,1.0,"[""note:100000000000000000000058"", ""product:mock-p1""]",未获取到公开数据,未获取到公开数据,100000000000000000000058,mock-p1
数据源明确关联的内容与商品；不代表购买或成交。,FACT,1.0,"[""note:100000000000000000000059"", ""product:mock-p2""]",未获取到公开数据,未获取到公开数据,100000000000000000000059,mock-p2
数据源明确关联的内容与商品；不代表购买或成交。,FACT,1.0,"[""note:100000000000000000000060"", ""product:mock-p0""]",未获取到公开数据,未获取到公开数据,100000000000000000000060,mock-p0
数据源明确关联的内容与商品；不代表购买或成交。,FACT,1.0,"[""note:100000000000000000000061"", ""product:mock-p1""]",未获取到公开数据,未获取到公开数据,100000000000000000000061,mock-p1
数据源明确关联的内容与商品；不代表购买或成交。,FACT,1.0,"[""note:100000000000000000000062"", ""product:mock-p2""]",未获取到公开数据,未获取到公开数据,100000000000000000000062,mock-p2
数据源明确关联的内容与商品；不代表购买或成交。,FACT,1.0,"[""note:100000000000000000000063"", ""product:mock-p0""]",未获取到公开数据,未获取到公开数据,100000000000000000000063,mock-p0
数据源明确关联的内容与商品；不代表购买或成交。,FACT,1.0,"[""note:100000000000000000000064"", ""product:mock-p1""]",未获取到公开数据,未获取到公开数据,100000000000000000000064,mock-p1
数据源明确关联的内容与商品；不代表购买或成交。,FACT,1.0,"[""note:100000000000000000000065"", ""product:mock-p2""]",未获取到公开数据,未获取到公开数据,100000000000000000000065,mock-p2
数据源明确关联的内容与商品；不代表购买或成交。,FACT,1.0,"[""note:100000000000000000000066"", ""product:mock-p0""]",未获取到公开数据,未获取到公开数据,100000000000000000000066,mock-p0
数据源明确关联的内容与商品；不代表购买或成交。,FACT,1.0,"[""note:100000000000000000000067"", ""product:mock-p1""]",未获取到公开数据,未获取到公开数据,100000000000000000000067,mock-p1
数据源明确关联的内容与商品；不代表购买或成交。,FACT,1.0,"[""note:100000000000000000000068"", ""product:mock-p2""]",未获取到公开数据,未获取到公开数据,100000000000000000000068,mock-p2
数据源明确关联的内容与商品；不代表购买或成交。,FACT,1.0,"[""note:100000000000000000000069"", ""product:mock-p0""]",未获取到公开数据,未获取到公开数据,100000000000000000000069,mock-p0
数据源明确关联的内容与商品；不代表购买或成交。,FACT,1.0,"[""note:100000000000000000000070"", ""product:mock-p1""]",未获取到公开数据,未获取到公开数据,100000000000000000000070,mock-p1
数据源明确关联的内容与商品；不代表购买或成交。,FACT,1.0,"[""note:100000000000000000000071"", ""product:mock-p2""]",未获取到公开数据,未获取到公开数据,100000000000000000000071,mock-p2
数据源明确关联的内容与商品；不代表购买或成交。,FACT,1.0,"[""note:100000000000000000000072"", ""product:mock-p0""]",未获取到公开数据,未获取到公开数据,100000000000000000000072,mock-p0
数据源明确关联的内容与商品；不代表购买或成交。,FACT,1.0,"[""note:100000000000000000000073"", ""product:mock-p1""]",未获取到公开数据,未获取到公开数据,100000000000000000000073,mock-p1
数据源明确关联的内容与商品；不代表购买或成交。,FACT,1.0,"[""note:100000000000000000000074"", ""product:mock-p2""]",未获取到公开数据,未获取到公开数据,100000000000000000000074,mock-p2
数据源明确关联的内容与商品；不代表购买或成交。,FACT,1.0,"[""note:100000000000000000000075"", ""product:mock-p0""]",未获取到公开数据,未获取到公开数据,100000000000000000000075,mock-p0
数据源明确关联的内容与商品；不代表购买或成交。,FACT,1.0,"[""note:100000000000000000000076"", ""product:mock-p1""]",未获取到公开数据,未获取到公开数据,100000000000000000000076,mock-p1
数据源明确关联的内容与商品；不代表购买或成交。,FACT,1.0,"[""note:100000000000000000000077"", ""product:mock-p2""]",未获取到公开数据,未获取到公开数据,100000000000000000000077,mock-p2
数据源明确关联的内容与商品；不代表购买或成交。,FACT,1.0,"[""note:100000000000000000000078"", ""product:mock-p0""]",未获取到公开数据,未获取到公开数据,100000000000000000000078,mock-p0
数据源明确关联的内容与商品；不代表购买或成交。,FACT,1.0,"[""note:100000000000000000000079"", ""product:mock-p1""]",未获取到公开数据,未获取到公开数据,100000000000000000000079,mock-p1
数据源明确关联的内容与商品；不代表购买或成交。,FACT,1.0,"[""note:100000000000000000000080"", ""product:mock-p2""]",未获取到公开数据,未获取到公开数据,100000000000000000000080,mock-p2
数据源明确关联的内容与商品；不代表购买或成交。,FACT,1.0,"[""note:100000000000000000000081"", ""product:mock-p0""]",未获取到公开数据,未获取到公开数据,100000000000000000000081,mock-p0
数据源明确关联的内容与商品；不代表购买或成交。,FACT,1.0,"[""note:100000000000000000000082"", ""product:mock-p1""]",未获取到公开数据,未获取到公开数据,100000000000000000000082,mock-p1
数据源明确关联的内容与商品；不代表购买或成交。,FACT,1.0,"[""note:100000000000000000000083"", ""product:mock-p2""]",未获取到公开数据,未获取到公开数据,100000000000000000000083,mock-p2
数据源明确关联的内容与商品；不代表购买或成交。,FACT,1.0,"[""note:100000000000000000000084"", ""product:mock-p0""]",未获取到公开数据,未获取到公开数据,100000000000000000000084,mock-p0
数据源明确关联的内容与商品；不代表购买或成交。,FACT,1.0,"[""note:100000000000000000000085"", ""product:mock-p1""]",未获取到公开数据,未获取到公开数据,100000000000000000000085,mock-p1
数据源明确关联的内容与商品；不代表购买或成交。,FACT,1.0,"[""note:100000000000000000000086"", ""product:mock-p2""]",未获取到公开数据,未获取到公开数据,100000000000000000000086,mock-p2
数据源明确关联的内容与商品；不代表购买或成交。,FACT,1.0,"[""note:100000000000000000000087"", ""product:mock-p0""]",未获取到公开数据,未获取到公开数据,100000000000000000000087,mock-p0
数据源明确关联的内容与商品；不代表购买或成交。,FACT,1.0,"[""note:100000000000000000000088"", ""product:mock-p1""]",未获取到公开数据,未获取到公开数据,100000000000000000000088,mock-p1
数据源明确关联的内容与商品；不代表购买或成交。,FACT,1.0,"[""note:100000000000000000000089"", ""product:mock-p2""]",未获取到公开数据,未获取到公开数据,100000000000000000000089,mock-p2
数据源明确关联的内容与商品；不代表购买或成交。,FACT,1.0,"[""note:100000000000000000000090"", ""product:mock-p0""]",未获取到公开数据,未获取到公开数据,100000000000000000000090,mock-p0
数据源明确关联的内容与商品；不代表购买或成交。,FACT,1.0,"[""note:100000000000000000000091"", ""product:mock-p1""]",未获取到公开数据,未获取到公开数据,100000000000000000000091,mock-p1
数据源明确关联的内容与商品；不代表购买或成交。,FACT,1.0,"[""note:100000000000000000000092"", ""product:mock-p2""]",未获取到公开数据,未获取到公开数据,100000000000000000000092,mock-p2
数据源明确关联的内容与商品；不代表购买或成交。,FACT,1.0,"[""note:100000000000000000000093"", ""product:mock-p0""]",未获取到公开数据,未获取到公开数据,100000000000000000000093,mock-p0
数据源明确关联的内容与商品；不代表购买或成交。,FACT,1.0,"[""note:100000000000000000000094"", ""product:mock-p1""]",未获取到公开数据,未获取到公开数据,100000000000000000000094,mock-p1
数据源明确关联的内容与商品；不代表购买或成交。,FACT,1.0,"[""note:100000000000000000000095"", ""product:mock-p2""]",未获取到公开数据,未获取到公开数据,100000000000000000000095,mock-p2
数据源明确关联的内容与商品；不代表购买或成交。,FACT,1.0,"[""note:100000000000000000000096"", ""product:mock-p0""]",未获取到公开数据,未获取到公开数据,100000000000000000000096,mock-p0
数据源明确关联的内容与商品；不代表购买或成交。,FACT,1.0,"[""note:100000000000000000000097"", ""product:mock-p1""]",未获取到公开数据,未获取到公开数据,100000000000000000000097,mock-p1
数据源明确关联的内容与商品；不代表购买或成交。,FACT,1.0,"[""note:100000000000000000000098"", ""product:mock-p2""]",未获取到公开数据,未获取到公开数据,100000000000000000000098,mock-p2
数据源明确关联的内容与商品；不代表购买或成交。,FACT,1.0,"[""note:100000000000000000000099"", ""product:mock-p0""]",未获取到公开数据,未获取到公开数据,100000000000000000000099,mock-p0
评论样本出现“空间不够”相关表达，可进一步测试这一使用阻碍；不能外推为全市场需求。,ANALYSIS,0.65,"[""comment:mock-c99-0"", ""comment:mock-c99-5"", ""comment:mock-c99-10"", ""comment:mock-c99-15"", ""comment:mock-c99-20""]",空间不够,未获取到公开数据,未获取到公开数据,未获取到公开数据
评论样本出现“清洗麻烦”相关表达，可进一步测试这一使用阻碍；不能外推为全市场需求。,ANALYSIS,0.65,"[""comment:mock-c99-1"", ""comment:mock-c99-6"", ""comment:mock-c99-11"", ""comment:mock-c99-16"", ""comment:mock-c99-21""]",清洗麻烦,未获取到公开数据,未获取到公开数据,未获取到公开数据
评论样本出现“拿取费时”相关表达，可进一步测试这一使用阻碍；不能外推为全市场需求。,ANALYSIS,0.65,"[""comment:mock-c99-2"", ""comment:mock-c99-7"", ""comment:mock-c99-12"", ""comment:mock-c99-17"", ""comment:mock-c99-22""]",拿取费时,未获取到公开数据,未获取到公开数据,未获取到公开数据
评论样本出现“容易串味”相关表达，可进一步测试这一使用阻碍；不能外推为全市场需求。,ANALYSIS,0.65,"[""comment:mock-c99-3"", ""comment:mock-c99-8"", ""comment:mock-c99-13"", ""comment:mock-c99-18"", ""comment:mock-c99-23""]",容易串味,未获取到公开数据,未获取到公开数据,未获取到公开数据
评论样本出现“尺寸不合”相关表达，可进一步测试这一使用阻碍；不能外推为全市场需求。,ANALYSIS,0.65,"[""comment:mock-c99-4"", ""comment:mock-c99-9"", ""comment:mock-c99-14"", ""comment:mock-c99-19"", ""comment:mock-c99-24""]",尺寸不合,未获取到公开数据,未获取到公开数据,未获取到公开数据
围绕可叠放保鲜盒测试“空间不够”的解决方式：先比较用户提问与收藏反馈，再验证实际使用体验；不预估销量。,INFERENCE,0.4,"[""product:mock-p0"", ""note:100000000000000000000099""]",未获取到公开数据,基于竞品公开数据形成的测试假设,未获取到公开数据,未获取到公开数据
围绕分隔午餐盒测试“清洗麻烦”的解决方式：先比较用户提问与收藏反馈，再验证实际使用体验；不预估销量。,INFERENCE,0.4,"[""product:mock-p1"", ""note:100000000000000000000098""]",未获取到公开数据,基于竞品公开数据形成的测试假设,未获取到公开数据,未获取到公开数据
围绕抽屉收纳盘测试“拿取费时”的解决方式：先比较用户提问与收藏反馈，再验证实际使用体验；不预估销量。,INFERENCE,0.4,"[""product:mock-p2"", ""note:100000000000000000000090""]",未获取到公开数据,基于竞品公开数据形成的测试假设,未获取到公开数据,未获取到公开数据
测试模型：场景问题→操作演示→边界说明；同一商品固定主题，只改变叙事顺序，比较账号自身互动。,INFERENCE,0.4,"[""note:100000000000000000000099"", ""note:100000000000000000000098"", ""note:100000000000000000000090""]",未获取到公开数据,基于竞品公开数据形成的测试假设,未获取到公开数据,未获取到公开数据
测试模型：两种方案对比→使用条件→取舍；同一商品固定主题，只改变叙事顺序，比较账号自身互动。,INFERENCE,0.4,"[""note:100000000000000000000099"", ""note:100000000000000000000098"", ""note:100000000000000000000090""]",未获取到公开数据,基于竞品公开数据形成的测试假设,未获取到公开数据,未获取到公开数据
测试模型：真实流程→分步记录→复盘；同一商品固定主题，只改变叙事顺序，比较账号自身互动。,INFERENCE,0.4,"[""note:100000000000000000000099"", ""note:100000000000000000000098"", ""note:100000000000000000000090""]",未获取到公开数据,基于竞品公开数据形成的测试假设,未获取到公开数据,未获取到公开数据
测试模型：常见误区→原因解释→替代方法；同一商品固定主题，只改变叙事顺序，比较账号自身互动。,INFERENCE,0.4,"[""note:100000000000000000000099"", ""note:100000000000000000000098"", ""note:100000000000000000000090""]",未获取到公开数据,基于竞品公开数据形成的测试假设,未获取到公开数据,未获取到公开数据
测试模型：用户提问→实测回应→使用提醒；同一商品固定主题，只改变叙事顺序，比较账号自身互动。,INFERENCE,0.4,"[""note:100000000000000000000099"", ""note:100000000000000000000098"", ""note:100000000000000000000090""]",未获取到公开数据,基于竞品公开数据形成的测试假设,未获取到公开数据,未获取到公开数据
原创标题结构：[场景]里，[商品]怎么放才顺手？,INFERENCE,0.4,"[""note:100000000000000000000099"", ""note:100000000000000000000098"", ""note:100000000000000000000090""]",未获取到公开数据,基于竞品公开数据形成的测试假设,未获取到公开数据,未获取到公开数据
原创标题结构：选[商品]前，先量这[数字]个位置,INFERENCE,0.4,"[""note:100000000000000000000099"", ""note:100000000000000000000098"", ""note:100000000000000000000090""]",未获取到公开数据,基于竞品公开数据形成的测试假设,未获取到公开数据,未获取到公开数据
原创标题结构：[方案A]和[方案B]，我会按[条件]来选,INFERENCE,0.4,"[""note:100000000000000000000099"", ""note:100000000000000000000098"", ""note:100000000000000000000090""]",未获取到公开数据,基于竞品公开数据形成的测试假设,未获取到公开数据,未获取到公开数据
原创标题结构：[痛点]反复出现，先检查[使用步骤],INFERENCE,0.4,"[""note:100000000000000000000099"", ""note:100000000000000000000098"", ""note:100000000000000000000090""]",未获取到公开数据,基于竞品公开数据形成的测试假设,未获取到公开数据,未获取到公开数据
原创标题结构：[人群]的[场景]整理：从[小区域]开始,INFERENCE,0.4,"[""note:100000000000000000000099"", ""note:100000000000000000000098"", ""note:100000000000000000000090""]",未获取到公开数据,基于竞品公开数据形成的测试假设,未获取到公开数据,未获取到公开数据
原创标题结构：用了[时长]后，[商品]最想改的是哪一点,INFERENCE,0.4,"[""note:100000000000000000000099"", ""note:100000000000000000000098"", ""note:100000000000000000000090""]",未获取到公开数据,基于竞品公开数据形成的测试假设,未获取到公开数据,未获取到公开数据
原创标题结构：别只看[外观]：[商品]还要检查[参数],INFERENCE,0.4,"[""note:100000000000000000000099"", ""note:100000000000000000000098"", ""note:100000000000000000000090""]",未获取到公开数据,基于竞品公开数据形成的测试假设,未获取到公开数据,未获取到公开数据
原创标题结构：[预算]以内，先解决[具体问题],INFERENCE,0.4,"[""note:100000000000000000000099"", ""note:100000000000000000000098"", ""note:100000000000000000000090""]",未获取到公开数据,基于竞品公开数据形成的测试假设,未获取到公开数据,未获取到公开数据
原创标题结构：你问的[顾虑]，这次用[操作]验证,INFERENCE,0.4,"[""note:100000000000000000000099"", ""note:100000000000000000000098"", ""note:100000000000000000000090""]",未获取到公开数据,基于竞品公开数据形成的测试假设,未获取到公开数据,未获取到公开数据
原创标题结构：同样的[空间]，换个[摆放方式]会怎样,INFERENCE,0.4,"[""note:100000000000000000000099"", ""note:100000000000000000000098"", ""note:100000000000000000000090""]",未获取到公开数据,基于竞品公开数据形成的测试假设,未获取到公开数据,未获取到公开数据
封面测试结构：左右分屏呈现两种摆放方式，标注相同尺寸与条件；当前未获取竞品图片，此为文本证据启发的创意假设。,INFERENCE,0.4,"[""note:100000000000000000000099"", ""note:100000000000000000000098"", ""note:100000000000000000000090""]",未获取到公开数据,基于竞品公开数据形成的测试假设,未获取到公开数据,未获取到公开数据
封面测试结构：俯拍完整使用场景，用一处箭头指向关键障碍；当前未获取竞品图片，此为文本证据启发的创意假设。,INFERENCE,0.4,"[""note:100000000000000000000099"", ""note:100000000000000000000098"", ""note:100000000000000000000090""]",未获取到公开数据,基于竞品公开数据形成的测试假设,未获取到公开数据,未获取到公开数据
封面测试结构：商品特写搭配尺寸标尺，文字只保留一个选择问题；当前未获取竞品图片，此为文本证据启发的创意假设。,INFERENCE,0.4,"[""note:100000000000000000000099"", ""note:100000000000000000000098"", ""note:100000000000000000000090""]",未获取到公开数据,基于竞品公开数据形成的测试假设,未获取到公开数据,未获取到公开数据
封面测试结构：三帧连续动作说明取放步骤，统一背景与拍摄距离；当前未获取竞品图片，此为文本证据启发的创意假设。,INFERENCE,0.4,"[""note:100000000000000000000099"", ""note:100000000000000000000098"", ""note:100000000000000000000090""]",未获取到公开数据,基于竞品公开数据形成的测试假设,未获取到公开数据,未获取到公开数据
封面测试结构：用户问题作为短标题，下方放对应验证过程画面；当前未获取竞品图片，此为文本证据启发的创意假设。,INFERENCE,0.4,"[""note:100000000000000000000099"", ""note:100000000000000000000098"", ""note:100000000000000000000090""]",未获取到公开数据,基于竞品公开数据形成的测试假设,未获取到公开数据,未获取到公开数据
租房厨房的可叠放保鲜盒：用“尺寸测量清单”检验空间不够是否改善；记录失败条件。,INFERENCE,0.4,"[""note:100000000000000000000090""]",未获取到公开数据,基于竞品公开数据形成的测试假设,未获取到公开数据,未获取到公开数据
租房厨房的可叠放保鲜盒：用“清洗流程记录”检验空间不够是否改善；记录失败条件。,INFERENCE,0.4,"[""note:100000000000000000000090""]",未获取到公开数据,基于竞品公开数据形成的测试假设,未获取到公开数据,未获取到公开数据
租房厨房的可叠放保鲜盒：用“满载与空载取放对比”检验空间不够是否改善；记录失败条件。,INFERENCE,0.4,"[""note:100000000000000000000090""]",未获取到公开数据,基于竞品公开数据形成的测试假设,未获取到公开数据,未获取到公开数据
租房厨房的可叠放保鲜盒：用“不同摆放方向实测”检验空间不够是否改善；记录失败条件。,INFERENCE,0.4,"[""note:100000000000000000000090""]",未获取到公开数据,基于竞品公开数据形成的测试假设,未获取到公开数据,未获取到公开数据
租房厨房的可叠放保鲜盒：用“一周使用后问题复盘”检验空间不够是否改善；记录失败条件。,INFERENCE,0.4,"[""note:100000000000000000000090""]",未获取到公开数据,基于竞品公开数据形成的测试假设,未获取到公开数据,未获取到公开数据
租房厨房的可叠放保鲜盒：用“不适合人群说明”检验空间不够是否改善；记录失败条件。,INFERENCE,0.4,"[""note:100000000000000000000090""]",未获取到公开数据,基于竞品公开数据形成的测试假设,未获取到公开数据,未获取到公开数据
通勤午餐的分隔午餐盒：用“尺寸测量清单”检验清洗麻烦是否改善；记录失败条件。,INFERENCE,0.4,"[""note:100000000000000000000096""]",未获取到公开数据,基于竞品公开数据形成的测试假设,未获取到公开数据,未获取到公开数据
通勤午餐的分隔午餐盒：用“清洗流程记录”检验清洗麻烦是否改善；记录失败条件。,INFERENCE,0.4,"[""note:100000000000000000000096""]",未获取到公开数据,基于竞品公开数据形成的测试假设,未获取到公开数据,未获取到公开数据
通勤午餐的分隔午餐盒：用“满载与空载取放对比”检验清洗麻烦是否改善；记录失败条件。,INFERENCE,0.4,"[""note:100000000000000000000096""]",未获取到公开数据,基于竞品公开数据形成的测试假设,未获取到公开数据,未获取到公开数据
通勤午餐的分隔午餐盒：用“不同摆放方向实测”检验清洗麻烦是否改善；记录失败条件。,INFERENCE,0.4,"[""note:100000000000000000000096""]",未获取到公开数据,基于竞品公开数据形成的测试假设,未获取到公开数据,未获取到公开数据
通勤午餐的分隔午餐盒：用“一周使用后问题复盘”检验清洗麻烦是否改善；记录失败条件。,INFERENCE,0.4,"[""note:100000000000000000000096""]",未获取到公开数据,基于竞品公开数据形成的测试假设,未获取到公开数据,未获取到公开数据
通勤午餐的分隔午餐盒：用“不适合人群说明”检验清洗麻烦是否改善；记录失败条件。,INFERENCE,0.4,"[""note:100000000000000000000096""]",未获取到公开数据,基于竞品公开数据形成的测试假设,未获取到公开数据,未获取到公开数据
周末备餐的抽屉收纳盘：用“尺寸测量清单”检验拿取费时是否改善；记录失败条件。,INFERENCE,0.4,"[""note:100000000000000000000097""]",未获取到公开数据,基于竞品公开数据形成的测试假设,未获取到公开数据,未获取到公开数据
周末备餐的抽屉收纳盘：用“清洗流程记录”检验拿取费时是否改善；记录失败条件。,INFERENCE,0.4,"[""note:100000000000000000000097""]",未获取到公开数据,基于竞品公开数据形成的测试假设,未获取到公开数据,未获取到公开数据
周末备餐的抽屉收纳盘：用“满载与空载取放对比”检验拿取费时是否改善；记录失败条件。,INFERENCE,0.4,"[""note:100000000000000000000097""]",未获取到公开数据,基于竞品公开数据形成的测试假设,未获取到公开数据,未获取到公开数据
周末备餐的抽屉收纳盘：用“不同摆放方向实测”检验拿取费时是否改善；记录失败条件。,INFERENCE,0.4,"[""note:100000000000000000000097""]",未获取到公开数据,基于竞品公开数据形成的测试假设,未获取到公开数据,未获取到公开数据
周末备餐的抽屉收纳盘：用“一周使用后问题复盘”检验拿取费时是否改善；记录失败条件。,INFERENCE,0.4,"[""note:100000000000000000000097""]",未获取到公开数据,基于竞品公开数据形成的测试假设,未获取到公开数据,未获取到公开数据
周末备餐的抽屉收纳盘：用“不适合人群说明”检验拿取费时是否改善；记录失败条件。,INFERENCE,0.4,"[""note:100000000000000000000097""]",未获取到公开数据,基于竞品公开数据形成的测试假设,未获取到公开数据,未获取到公开数据
宿舍桌面的可叠放保鲜盒：用“尺寸测量清单”检验容易串味是否改善；记录失败条件。,INFERENCE,0.4,"[""note:100000000000000000000098""]",未获取到公开数据,基于竞品公开数据形成的测试假设,未获取到公开数据,未获取到公开数据
宿舍桌面的可叠放保鲜盒：用“清洗流程记录”检验容易串味是否改善；记录失败条件。,INFERENCE,0.4,"[""note:100000000000000000000098""]",未获取到公开数据,基于竞品公开数据形成的测试假设,未获取到公开数据,未获取到公开数据
宿舍桌面的可叠放保鲜盒：用“满载与空载取放对比”检验容易串味是否改善；记录失败条件。,INFERENCE,0.4,"[""note:100000000000000000000098""]",未获取到公开数据,基于竞品公开数据形成的测试假设,未获取到公开数据,未获取到公开数据
宿舍桌面的可叠放保鲜盒：用“不同摆放方向实测”检验容易串味是否改善；记录失败条件。,INFERENCE,0.4,"[""note:100000000000000000000098""]",未获取到公开数据,基于竞品公开数据形成的测试假设,未获取到公开数据,未获取到公开数据
宿舍桌面的可叠放保鲜盒：用“一周使用后问题复盘”检验容易串味是否改善；记录失败条件。,INFERENCE,0.4,"[""note:100000000000000000000098""]",未获取到公开数据,基于竞品公开数据形成的测试假设,未获取到公开数据,未获取到公开数据
宿舍桌面的可叠放保鲜盒：用“不适合人群说明”检验容易串味是否改善；记录失败条件。,INFERENCE,0.4,"[""note:100000000000000000000098""]",未获取到公开数据,基于竞品公开数据形成的测试假设,未获取到公开数据,未获取到公开数据
小户型冰箱的分隔午餐盒：用“尺寸测量清单”检验尺寸不合是否改善；记录失败条件。,INFERENCE,0.4,"[""note:100000000000000000000099""]",未获取到公开数据,基于竞品公开数据形成的测试假设,未获取到公开数据,未获取到公开数据
小户型冰箱的分隔午餐盒：用“清洗流程记录”检验尺寸不合是否改善；记录失败条件。,INFERENCE,0.4,"[""note:100000000000000000000099""]",未获取到公开数据,基于竞品公开数据形成的测试假设,未获取到公开数据,未获取到公开数据
小户型冰箱的分隔午餐盒：用“满载与空载取放对比”检验尺寸不合是否改善；记录失败条件。,INFERENCE,0.4,"[""note:100000000000000000000099""]",未获取到公开数据,基于竞品公开数据形成的测试假设,未获取到公开数据,未获取到公开数据
小户型冰箱的分隔午餐盒：用“不同摆放方向实测”检验尺寸不合是否改善；记录失败条件。,INFERENCE,0.4,"[""note:100000000000000000000099""]",未获取到公开数据,基于竞品公开数据形成的测试假设,未获取到公开数据,未获取到公开数据
小户型冰箱的分隔午餐盒：用“一周使用后问题复盘”检验尺寸不合是否改善；记录失败条件。,INFERENCE,0.4,"[""note:100000000000000000000099""]",未获取到公开数据,基于竞品公开数据形成的测试假设,未获取到公开数据,未获取到公开数据
小户型冰箱的分隔午餐盒：用“不适合人群说明”检验尺寸不合是否改善；记录失败条件。,INFERENCE,0.4,"[""note:100000000000000000000099""]",未获取到公开数据,基于竞品公开数据形成的测试假设,未获取到公开数据,未获取到公开数据
