comment_id,note_id,text,likes
mock-c99-0,100000000000000000000099,空间不够一直困扰我，在小户型冰箱这样用会不会更难清洗？,0
mock-c99-1,100000000000000000000099,清洗麻烦一直困扰我，在小户型冰箱这样用会不会更难清洗？,1
mock-c99-2,100000000000000000000099,拿取费时一直困扰我，在小户型冰箱这样用会不会更难清洗？,2
mock-c99-3,100000000000000000000099,容易串味一直困扰我，在小户型冰箱这样用会不会更难清洗？,3
mock-c99-4,100000000000000000000099,尺寸不合一直困扰我，在小户型冰箱这样用会不会更难清洗？,4
mock-c99-5,100000000000000000000099,空间不够一直困扰我，在小户型冰箱这样用会不会更难清洗？,5
mock-c99-6,100000000000000000000099,清洗麻烦一直困扰我，在小户型冰箱这样用会不会更难清洗？,6
mock-c99-7,100000000000000000000099,拿取费时一直困扰我，在小户型冰箱这样用会不会更难清洗？,7
mock-c99-8,100000000000000000000099,容易串味一直困扰我，在小户型冰箱这样用会不会更难清洗？,8
mock-c99-9,100000000000000000000099,尺寸不合一直困扰我，在小户型冰箱这样用会不会更难清洗？,0
mock-c99-10,100000000000000000000099,空间不够一直困扰我，在小户型冰箱这样用会不会更难清洗？,1
mock-c99-11,100000000000000000000099,清洗麻烦一直困扰我，在小户型冰箱这样用会不会更难清洗？,2
mock-c99-12,100000000000000000000099,拿取费时一直困扰我，在小户型冰箱这样用会不会更难清洗？,3
mock-c99-13,100000000000000000000099,容易串味一直困扰我，在小户型冰箱这样用会不会更难清洗？,4
mock-c99-14,100000000000000000000099,尺寸不合一直困扰我，在小户型冰箱这样用会不会更难清洗？,5
mock-c99-15,100000000000000000000099,空间不够一直困扰我，在小户型冰箱这样用会不会更难清洗？,6
mock-c99-16,100000000000000000000099,清洗麻烦一直困扰我，在小户型冰箱这样用会不会更难清洗？,7
mock-c99-17,100000000000000000000099,拿取费时一直困扰我，在小户型冰箱这样用会不会更难清洗？,8
mock-c99-18,100000000000000000000099,容易串味一直困扰我，在小户型冰箱这样用会不会更难清洗？,0
mock-c99-19,100000000000000000000099,尺寸不合一直困扰我，在小户型冰箱这样用会不会更难清洗？,1
mock-c99-20,100000000000000000000099,空间不够一直困扰我，在小户型冰箱这样用会不会更难清洗？,2
mock-c99-21,100000000000000000000099,清洗麻烦一直困扰我，在小户型冰箱这样用会不会更难清洗？,3
mock-c99-22,100000000000000000000099,拿取费时一直困扰我，在小户型冰箱这样用会不会更难清洗？,4
mock-c99-23,100000000000000000000099,容易串味一直困扰我，在小户型冰箱这样用会不会更难清洗？,5
mock-c99-24,100000000000000000000099,尺寸不合一直困扰我，在小户型冰箱这样用会不会更难清洗？,6
mock-c99-25,100000000000000000000099,空间不够一直困扰我，在小户型冰箱这样用会不会更难清洗？,7
mock-c99-26,100000000000000000000099,清洗麻烦一直困扰我，在小户型冰箱这样用会不会更难清洗？,8
mock-c99-27,100000000000000000000099,拿取费时一直困扰我，在小户型冰箱这样用会不会更难清洗？,0
mock-c99-28,100000000000000000000099,容易串味一直困扰我，在小户型冰箱这样用会不会更难清洗？,1
mock-c99-29,100000000000000000000099,尺寸不合一直困扰我，在小户型冰箱这样用会不会更难清洗？,2
mock-c99-30,100000000000000000000099,空间不够一直困扰我，在小户型冰箱这样用会不会更难清洗？,3
mock-c99-31,100000000000000000000099,清洗麻烦一直困扰我，在小户型冰箱这样用会不会更难清洗？,4
mock-c99-32,100000000000000000000099,拿取费时一直困扰我，在小户型冰箱这样用会不会更难清洗？,5
mock-c99-33,100000000000000000000099,容易串味一直困扰我，在小户型冰箱这样用会不会更难清洗？,6
mock-c99-34,100000000000000000000099,尺寸不合一直困扰我，在小户型冰箱这样用会不会更难清洗？,7
mock-c99-35,100000000000000000000099,空间不够一直困扰我，在小户型冰箱这样用会不会更难清洗？,8
mock-c99-36,100000000000000000000099,清洗麻烦一直困扰我，在小户型冰箱这样用会不会更难清洗？,0
mock-c99-37,100000000000000000000099,拿取费时一直困扰我，在小户型冰箱这样用会不会更难清洗？,1
mock-c99-38,100000000000000000000099,容易串味一直困扰我，在小户型冰箱这样用会不会更难清洗？,2
mock-c99-39,100000000000000000000099,尺寸不合一直困扰我，在小户型冰箱这样用会不会更难清洗？,3
mock-c99-40,100000000000000000000099,空间不够一直困扰我，在小户型冰箱这样用会不会更难清洗？,4
mock-c99-41,100000000000000000000099,清洗麻烦一直困扰我，在小户型冰箱这样用会不会更难清洗？,5
mock-c99-42,100000000000000000000099,拿取费时一直困扰我，在小户型冰箱这样用会不会更难清洗？,6
mock-c99-43,100000000000000000000099,容易串味一直困扰我，在小户型冰箱这样用会不会更难清洗？,7
mock-c99-44,100000000000000000000099,尺寸不合一直困扰我，在小户型冰箱这样用会不会更难清洗？,8
mock-c99-45,100000000000000000000099,空间不够一直困扰我，在小户型冰箱这样用会不会更难清洗？,0
mock-c99-46,100000000000000000000099,清洗麻烦一直困扰我，在小户型冰箱这样用会不会更难清洗？,1
mock-c99-47,100000000000000000000099,拿取费时一直困扰我，在小户型冰箱这样用会不会更难清洗？,2
mock-c99-48,100000000000000000000099,容易串味一直困扰我，在小户型冰箱这样用会不会更难清洗？,3
mock-c99-49,100000000000000000000099,尺寸不合一直困扰我，在小户型冰箱这样用会不会更难清洗？,4
mock-c99-50,100000000000000000000099,空间不够一直困扰我，在小户型冰箱这样用会不会更难清洗？,5
mock-c99-51,100000000000000000000099,清洗麻烦一直困扰我，在小户型冰箱这样用会不会更难清洗？,6
mock-c99-52,100000000000000000000099,拿取费时一直困扰我，在小户型冰箱这样用会不会更难清洗？,7
mock-c99-53,100000000000000000000099,容易串味一直困扰我，在小户型冰箱这样用会不会更难清洗？,8
mock-c99-54,100000000000000000000099,尺寸不合一直困扰我，在小户型冰箱这样用会不会更难清洗？,0
mock-c99-55,100000000000000000000099,空间不够一直困扰我，在小户型冰箱这样用会不会更难清洗？,1
mock-c99-56,100000000000000000000099,清洗麻烦一直困扰我，在小户型冰箱这样用会不会更难清洗？,2
mock-c99-57,100000000000000000000099,拿取费时一直困扰我，在小户型冰箱这样用会不会更难清洗？,3
mock-c99-58,100000000000000000000099,容易串味一直困扰我，在小户型冰箱这样用会不会更难清洗？,4
mock-c99-59,100000000000000000000099,尺寸不合一直困扰我，在小户型冰箱这样用会不会更难清洗？,5
mock-c99-60,100000000000000000000099,空间不够一直困扰我，在小户型冰箱这样用会不会更难清洗？,6
mock-c99-61,100000000000000000000099,清洗麻烦一直困扰我，在小户型冰箱这样用会不会更难清洗？,7
mock-c99-62,100000000000000000000099,拿取费时一直困扰我，在小户型冰箱这样用会不会更难清洗？,8
mock-c99-63,100000000000000000000099,容易串味一直困扰我，在小户型冰箱这样用会不会更难清洗？,0
mock-c99-64,100000000000000000000099,尺寸不合一直困扰我，在小户型冰箱这样用会不会更难清洗？,1
mock-c99-65,100000000000000000000099,空间不够一直困扰我，在小户型冰箱这样用会不会更难清洗？,2
mock-c99-66,100000000000000000000099,清洗麻烦一直困扰我，在小户型冰箱这样用会不会更难清洗？,3
mock-c99-67,100000000000000000000099,拿取费时一直困扰我，在小户型冰箱这样用会不会更难清洗？,4
mock-c99-68,100000000000000000000099,容易串味一直困扰我，在小户型冰箱这样用会不会更难清洗？,5
mock-c99-69,100000000000000000000099,尺寸不合一直困扰我，在小户型冰箱这样用会不会更难清洗？,6
mock-c99-70,100000000000000000000099,空间不够一直困扰我，在小户型冰箱这样用会不会更难清洗？,7
mock-c99-71,100000000000000000000099,清洗麻烦一直困扰我，在小户型冰箱这样用会不会更难清洗？,8
mock-c99-72,100000000000000000000099,拿取费时一直困扰我，在小户型冰箱这样用会不会更难清洗？,0
mock-c99-73,100000000000000000000099,容易串味一直困扰我，在小户型冰箱这样用会不会更难清洗？,1
mock-c99-74,100000000000000000000099,尺寸不合一直困扰我，在小户型冰箱这样用会不会更难清洗？,2
mock-c99-75,100000000000000000000099,空间不够一直困扰我，在小户型冰箱这样用会不会更难清洗？,3
mock-c99-76,100000000000000000000099,清洗麻烦一直困扰我，在小户型冰箱这样用会不会更难清洗？,4
mock-c99-77,100000000000000000000099,拿取费时一直困扰我，在小户型冰箱这样用会不会更难清洗？,5
mock-c99-78,100000000000000000000099,容易串味一直困扰我，在小户型冰箱这样用会不会更难清洗？,6
mock-c99-79,100000000000000000000099,尺寸不合一直困扰我，在小户型冰箱这样用会不会更难清洗？,7
mock-c99-80,100000000000000000000099,空间不够一直困扰我，在小户型冰箱这样用会不会更难清洗？,8
mock-c99-81,100000000000000000000099,清洗麻烦一直困扰我，在小户型冰箱这样用会不会更难清洗？,0
mock-c99-82,100000000000000000000099,拿取费时一直困扰我，在小户型冰箱这样用会不会更难清洗？,1
mock-c99-83,100000000000000000000099,容易串味一直困扰我，在小户型冰箱这样用会不会更难清洗？,2
mock-c99-84,100000000000000000000099,尺寸不合一直困扰我，在小户型冰箱这样用会不会更难清洗？,3
mock-c99-85,100000000000000000000099,空间不够一直困扰我，在小户型冰箱这样用会不会更难清洗？,4
mock-c99-86,100000000000000000000099,清洗麻烦一直困扰我，在小户型冰箱这样用会不会更难清洗？,5
mock-c99-87,100000000000000000000099,拿取费时一直困扰我，在小户型冰箱这样用会不会更难清洗？,6
mock-c99-88,100000000000000000000099,容易串味一直困扰我，在小户型冰箱这样用会不会更难清洗？,7
mock-c99-89,100000000000000000000099,尺寸不合一直困扰我，在小户型冰箱这样用会不会更难清洗？,8
mock-c99-90,100000000000000000000099,空间不够一直困扰我，在小户型冰箱这样用会不会更难清洗？,0
mock-c99-91,100000000000000000000099,清洗麻烦一直困扰我，在小户型冰箱这样用会不会更难清洗？,1
mock-c99-92,100000000000000000000099,拿取费时一直困扰我，在小户型冰箱这样用会不会更难清洗？,2
mock-c99-93,100000000000000000000099,容易串味一直困扰我，在小户型冰箱这样用会不会更难清洗？,3
mock-c99-94,100000000000000000000099,尺寸不合一直困扰我，在小户型冰箱这样用会不会更难清洗？,4
mock-c99-95,100000000000000000000099,空间不够一直困扰我，在小户型冰箱这样用会不会更难清洗？,5
mock-c99-96,100000000000000000000099,清洗麻烦一直困扰我，在小户型冰箱这样用会不会更难清洗？,6
mock-c99-97,100000000000000000000099,拿取费时一直困扰我，在小户型冰箱这样用会不会更难清洗？,7
mock-c99-98,100000000000000000000099,容易串味一直困扰我，在小户型冰箱这样用会不会更难清洗？,8
mock-c99-99,100000000000000000000099,尺寸不合一直困扰我，在小户型冰箱这样用会不会更难清洗？,0
mock-c98-0,100000000000000000000098,空间不够一直困扰我，在宿舍桌面这样用会不会更难清洗？,0
mock-c98-1,100000000000000000000098,清洗麻烦一直困扰我，在宿舍桌面这样用会不会更难清洗？,1
mock-c98-2,100000000000000000000098,拿取费时一直困扰我，在宿舍桌面这样用会不会更难清洗？,2
mock-c98-3,100000000000000000000098,容易串味一直困扰我，在宿舍桌面这样用会不会更难清洗？,3
mock-c98-4,100000000000000000000098,尺寸不合一直困扰我，在宿舍桌面这样用会不会更难清洗？,4
mock-c98-5,100000000000000000000098,空间不够一直困扰我，在宿舍桌面这样用会不会更难清洗？,5
mock-c98-6,100000000000000000000098,清洗麻烦一直困扰我，在宿舍桌面这样用会不会更难清洗？,6
mock-c98-7,100000000000000000000098,拿取费时一直困扰我，在宿舍桌面这样用会不会更难清洗？,7
mock-c98-8,100000000000000000000098,容易串味一直困扰我，在宿舍桌面这样用会不会更难清洗？,8
mock-c98-9,100000000000000000000098,尺寸不合一直困扰我，在宿舍桌面这样用会不会更难清洗？,0
mock-c98-10,100000000000000000000098,空间不够一直困扰我，在宿舍桌面这样用会不会更难清洗？,1
mock-c98-11,100000000000000000000098,清洗麻烦一直困扰我，在宿舍桌面这样用会不会更难清洗？,2
mock-c98-12,100000000000000000000098,拿取费时一直困扰我，在宿舍桌面这样用会不会更难清洗？,3
mock-c98-13,100000000000000000000098,容易串味一直困扰我，在宿舍桌面这样用会不会更难清洗？,4
mock-c98-14,100000000000000000000098,尺寸不合一直困扰我，在宿舍桌面这样用会不会更难清洗？,5
mock-c98-15,100000000000000000000098,空间不够一直困扰我，在宿舍桌面这样用会不会更难清洗？,6
mock-c98-16,100000000000000000000098,清洗麻烦一直困扰我，在宿舍桌面这样用会不会更难清洗？,7
mock-c98-17,100000000000000000000098,拿取费时一直困扰我，在宿舍桌面这样用会不会更难清洗？,8
mock-c98-18,100000000000000000000098,容易串味一直困扰我，在宿舍桌面这样用会不会更难清洗？,0
mock-c98-19,100000000000000000000098,尺寸不合一直困扰我，在宿舍桌面这样用会不会更难清洗？,1
mock-c98-20,100000000000000000000098,空间不够一直困扰我，在宿舍桌面这样用会不会更难清洗？,2
mock-c98-21,100000000000000000000098,清洗麻烦一直困扰我，在宿舍桌面这样用会不会更难清洗？,3
mock-c98-22,100000000000000000000098,拿取费时一直困扰我，在宿舍桌面这样用会不会更难清洗？,4
mock-c98-23,100000000000000000000098,容易串味一直困扰我，在宿舍桌面这样用会不会更难清洗？,5
mock-c98-24,100000000000000000000098,尺寸不合一直困扰我，在宿舍桌面这样用会不会更难清洗？,6
mock-c98-25,100000000000000000000098,空间不够一直困扰我，在宿舍桌面这样用会不会更难清洗？,7
mock-c98-26,100000000000000000000098,清洗麻烦一直困扰我，在宿舍桌面这样用会不会更难清洗？,8
mock-c98-27,100000000000000000000098,拿取费时一直困扰我，在宿舍桌面这样用会不会更难清洗？,0
mock-c98-28,100000000000000000000098,容易串味一直困扰我，在宿舍桌面这样用会不会更难清洗？,1
mock-c98-29,100000000000000000000098,尺寸不合一直困扰我，在宿舍桌面这样用会不会更难清洗？,2
mock-c98-30,100000000000000000000098,空间不够一直困扰我，在宿舍桌面这样用会不会更难清洗？,3
mock-c98-31,100000000000000000000098,清洗麻烦一直困扰我，在宿舍桌面这样用会不会更难清洗？,4
mock-c98-32,100000000000000000000098,拿取费时一直困扰我，在宿舍桌面这样用会不会更难清洗？,5
mock-c98-33,100000000000000000000098,容易串味一直困扰我，在宿舍桌面这样用会不会更难清洗？,6
mock-c98-34,100000000000000000000098,尺寸不合一直困扰我，在宿舍桌面这样用会不会更难清洗？,7
mock-c98-35,100000000000000000000098,空间不够一直困扰我，在宿舍桌面这样用会不会更难清洗？,8
mock-c98-36,100000000000000000000098,清洗麻烦一直困扰我，在宿舍桌面这样用会不会更难清洗？,0
mock-c98-37,100000000000000000000098,拿取费时一直困扰我，在宿舍桌面这样用会不会更难清洗？,1
mock-c98-38,100000000000000000000098,容易串味一直困扰我，在宿舍桌面这样用会不会更难清洗？,2
mock-c98-39,100000000000000000000098,尺寸不合一直困扰我，在宿舍桌面这样用会不会更难清洗？,3
mock-c98-40,100000000000000000000098,空间不够一直困扰我，在宿舍桌面这样用会不会更难清洗？,4
mock-c98-41,100000000000000000000098,清洗麻烦一直困扰我，在宿舍桌面这样用会不会更难清洗？,5
mock-c98-42,100000000000000000000098,拿取费时一直困扰我，在宿舍桌面这样用会不会更难清洗？,6
mock-c98-43,100000000000000000000098,容易串味一直困扰我，在宿舍桌面这样用会不会更难清洗？,7
mock-c98-44,100000000000000000000098,尺寸不合一直困扰我，在宿舍桌面这样用会不会更难清洗？,8
mock-c98-45,100000000000000000000098,空间不够一直困扰我，在宿舍桌面这样用会不会更难清洗？,0
mock-c98-46,100000000000000000000098,清洗麻烦一直困扰我，在宿舍桌面这样用会不会更难清洗？,1
mock-c98-47,100000000000000000000098,拿取费时一直困扰我，在宿舍桌面这样用会不会更难清洗？,2
mock-c98-48,100000000000000000000098,容易串味一直困扰我，在宿舍桌面这样用会不会更难清洗？,3
mock-c98-49,100000000000000000000098,尺寸不合一直困扰我，在宿舍桌面这样用会不会更难清洗？,4
mock-c98-50,100000000000000000000098,空间不够一直困扰我，在宿舍桌面这样用会不会更难清洗？,5
mock-c98-51,100000000000000000000098,清洗麻烦一直困扰我，在宿舍桌面这样用会不会更难清洗？,6
mock-c98-52,100000000000000000000098,拿取费时一直困扰我，在宿舍桌面这样用会不会更难清洗？,7
mock-c98-53,100000000000000000000098,容易串味一直困扰我，在宿舍桌面这样用会不会更难清洗？,8
mock-c98-54,100000000000000000000098,尺寸不合一直困扰我，在宿舍桌面这样用会不会更难清洗？,0
mock-c98-55,100000000000000000000098,空间不够一直困扰我，在宿舍桌面这样用会不会更难清洗？,1
mock-c98-56,100000000000000000000098,清洗麻烦一直困扰我，在宿舍桌面这样用会不会更难清洗？,2
mock-c98-57,100000000000000000000098,拿取费时一直困扰我，在宿舍桌面这样用会不会更难清洗？,3
mock-c98-58,100000000000000000000098,容易串味一直困扰我，在宿舍桌面这样用会不会更难清洗？,4
mock-c98-59,100000000000000000000098,尺寸不合一直困扰我，在宿舍桌面这样用会不会更难清洗？,5
mock-c98-60,100000000000000000000098,空间不够一直困扰我，在宿舍桌面这样用会不会更难清洗？,6
mock-c98-61,100000000000000000000098,清洗麻烦一直困扰我，在宿舍桌面这样用会不会更难清洗？,7
mock-c98-62,100000000000000000000098,拿取费时一直困扰我，在宿舍桌面这样用会不会更难清洗？,8
mock-c98-63,100000000000000000000098,容易串味一直困扰我，在宿舍桌面这样用会不会更难清洗？,0
mock-c98-64,100000000000000000000098,尺寸不合一直困扰我，在宿舍桌面这样用会不会更难清洗？,1
mock-c98-65,100000000000000000000098,空间不够一直困扰我，在宿舍桌面这样用会不会更难清洗？,2
mock-c98-66,100000000000000000000098,清洗麻烦一直困扰我，在宿舍桌面这样用会不会更难清洗？,3
mock-c98-67,100000000000000000000098,拿取费时一直困扰我，在宿舍桌面这样用会不会更难清洗？,4
mock-c98-68,100000000000000000000098,容易串味一直困扰我，在宿舍桌面这样用会不会更难清洗？,5
mock-c98-69,100000000000000000000098,尺寸不合一直困扰我，在宿舍桌面这样用会不会更难清洗？,6
mock-c98-70,100000000000000000000098,空间不够一直困扰我，在宿舍桌面这样用会不会更难清洗？,7
mock-c98-71,100000000000000000000098,清洗麻烦一直困扰我，在宿舍桌面这样用会不会更难清洗？,8
mock-c98-72,100000000000000000000098,拿取费时一直困扰我，在宿舍桌面这样用会不会更难清洗？,0
mock-c98-73,100000000000000000000098,容易串味一直困扰我，在宿舍桌面这样用会不会更难清洗？,1
mock-c98-74,100000000000000000000098,尺寸不合一直困扰我，在宿舍桌面这样用会不会更难清洗？,2
mock-c98-75,100000000000000000000098,空间不够一直困扰我，在宿舍桌面这样用会不会更难清洗？,3
mock-c98-76,100000000000000000000098,清洗麻烦一直困扰我，在宿舍桌面这样用会不会更难清洗？,4
mock-c98-77,100000000000000000000098,拿取费时一直困扰我，在宿舍桌面这样用会不会更难清洗？,5
mock-c98-78,100000000000000000000098,容易串味一直困扰我，在宿舍桌面这样用会不会更难清洗？,6
mock-c98-79,100000000000000000000098,尺寸不合一直困扰我，在宿舍桌面这样用会不会更难清洗？,7
mock-c98-80,100000000000000000000098,空间不够一直困扰我，在宿舍桌面这样用会不会更难清洗？,8
mock-c98-81,100000000000000000000098,清洗麻烦一直困扰我，在宿舍桌面这样用会不会更难清洗？,0
mock-c98-82,100000000000000000000098,拿取费时一直困扰我，在宿舍桌面这样用会不会更难清洗？,1
mock-c98-83,100000000000000000000098,容易串味一直困扰我，在宿舍桌面这样用会不会更难清洗？,2
mock-c98-84,100000000000000000000098,尺寸不合一直困扰我，在宿舍桌面这样用会不会更难清洗？,3
mock-c98-85,100000000000000000000098,空间不够一直困扰我，在宿舍桌面这样用会不会更难清洗？,4
mock-c98-86,100000000000000000000098,清洗麻烦一直困扰我，在宿舍桌面这样用会不会更难清洗？,5
mock-c98-87,100000000000000000000098,拿取费时一直困扰我，在宿舍桌面这样用会不会更难清洗？,6
mock-c98-88,100000000000000000000098,容易串味一直困扰我，在宿舍桌面这样用会不会更难清洗？,7
mock-c98-89,100000000000000000000098,尺寸不合一直困扰我，在宿舍桌面这样用会不会更难清洗？,8
mock-c98-90,100000000000000000000098,空间不够一直困扰我，在宿舍桌面这样用会不会更难清洗？,0
mock-c98-91,100000000000000000000098,清洗麻烦一直困扰我，在宿舍桌面这样用会不会更难清洗？,1
mock-c98-92,100000000000000000000098,拿取费时一直困扰我，在宿舍桌面这样用会不会更难清洗？,2
mock-c98-93,100000000000000000000098,容易串味一直困扰我，在宿舍桌面这样用会不会更难清洗？,3
mock-c98-94,100000000000000000000098,尺寸不合一直困扰我，在宿舍桌面这样用会不会更难清洗？,4
mock-c98-95,100000000000000000000098,空间不够一直困扰我，在宿舍桌面这样用会不会更难清洗？,5
mock-c98-96,100000000000000000000098,清洗麻烦一直困扰我，在宿舍桌面这样用会不会更难清洗？,6
mock-c98-97,100000000000000000000098,拿取费时一直困扰我，在宿舍桌面这样用会不会更难清洗？,7
mock-c98-98,100000000000000000000098,容易串味一直困扰我，在宿舍桌面这样用会不会更难清洗？,8
mock-c98-99,100000000000000000000098,尺寸不合一直困扰我，在宿舍桌面这样用会不会更难清洗？,0
mock-c90-0,100000000000000000000090,空间不够一直困扰我，在租房厨房这样用会不会更难清洗？,0
mock-c90-1,100000000000000000000090,清洗麻烦一直困扰我，在租房厨房这样用会不会更难清洗？,1
mock-c90-2,100000000000000000000090,拿取费时一直困扰我，在租房厨房这样用会不会更难清洗？,2
mock-c90-3,100000000000000000000090,容易串味一直困扰我，在租房厨房这样用会不会更难清洗？,3
mock-c90-4,100000000000000000000090,尺寸不合一直困扰我，在租房厨房这样用会不会更难清洗？,4
mock-c90-5,100000000000000000000090,空间不够一直困扰我，在租房厨房这样用会不会更难清洗？,5
mock-c90-6,100000000000000000000090,清洗麻烦一直困扰我，在租房厨房这样用会不会更难清洗？,6
mock-c90-7,100000000000000000000090,拿取费时一直困扰我，在租房厨房这样用会不会更难清洗？,7
mock-c90-8,100000000000000000000090,容易串味一直困扰我，在租房厨房这样用会不会更难清洗？,8
mock-c90-9,100000000000000000000090,尺寸不合一直困扰我，在租房厨房这样用会不会更难清洗？,0
mock-c90-10,100000000000000000000090,空间不够一直困扰我，在租房厨房这样用会不会更难清洗？,1
mock-c90-11,100000000000000000000090,清洗麻烦一直困扰我，在租房厨房这样用会不会更难清洗？,2
mock-c90-12,100000000000000000000090,拿取费时一直困扰我，在租房厨房这样用会不会更难清洗？,3
mock-c90-13,100000000000000000000090,容易串味一直困扰我，在租房厨房这样用会不会更难清洗？,4
mock-c90-14,100000000000000000000090,尺寸不合一直困扰我，在租房厨房这样用会不会更难清洗？,5
mock-c90-15,100000000000000000000090,空间不够一直困扰我，在租房厨房这样用会不会更难清洗？,6
mock-c90-16,100000000000000000000090,清洗麻烦一直困扰我，在租房厨房这样用会不会更难清洗？,7
mock-c90-17,100000000000000000000090,拿取费时一直困扰我，在租房厨房这样用会不会更难清洗？,8
mock-c90-18,100000000000000000000090,容易串味一直困扰我，在租房厨房这样用会不会更难清洗？,0
mock-c90-19,100000000000000000000090,尺寸不合一直困扰我，在租房厨房这样用会不会更难清洗？,1
mock-c90-20,100000000000000000000090,空间不够一直困扰我，在租房厨房这样用会不会更难清洗？,2
mock-c90-21,100000000000000000000090,清洗麻烦一直困扰我，在租房厨房这样用会不会更难清洗？,3
mock-c90-22,100000000000000000000090,拿取费时一直困扰我，在租房厨房这样用会不会更难清洗？,4
mock-c90-23,100000000000000000000090,容易串味一直困扰我，在租房厨房这样用会不会更难清洗？,5
mock-c90-24,100000000000000000000090,尺寸不合一直困扰我，在租房厨房这样用会不会更难清洗？,6
mock-c90-25,100000000000000000000090,空间不够一直困扰我，在租房厨房这样用会不会更难清洗？,7
mock-c90-26,100000000000000000000090,清洗麻烦一直困扰我，在租房厨房这样用会不会更难清洗？,8
mock-c90-27,100000000000000000000090,拿取费时一直困扰我，在租房厨房这样用会不会更难清洗？,0
mock-c90-28,100000000000000000000090,容易串味一直困扰我，在租房厨房这样用会不会更难清洗？,1
mock-c90-29,100000000000000000000090,尺寸不合一直困扰我，在租房厨房这样用会不会更难清洗？,2
mock-c90-30,100000000000000000000090,空间不够一直困扰我，在租房厨房这样用会不会更难清洗？,3
mock-c90-31,100000000000000000000090,清洗麻烦一直困扰我，在租房厨房这样用会不会更难清洗？,4
mock-c90-32,100000000000000000000090,拿取费时一直困扰我，在租房厨房这样用会不会更难清洗？,5
mock-c90-33,100000000000000000000090,容易串味一直困扰我，在租房厨房这样用会不会更难清洗？,6
mock-c90-34,100000000000000000000090,尺寸不合一直困扰我，在租房厨房这样用会不会更难清洗？,7
mock-c90-35,100000000000000000000090,空间不够一直困扰我，在租房厨房这样用会不会更难清洗？,8
mock-c90-36,100000000000000000000090,清洗麻烦一直困扰我，在租房厨房这样用会不会更难清洗？,0
mock-c90-37,100000000000000000000090,拿取费时一直困扰我，在租房厨房这样用会不会更难清洗？,1
mock-c90-38,100000000000000000000090,容易串味一直困扰我，在租房厨房这样用会不会更难清洗？,2
mock-c90-39,100000000000000000000090,尺寸不合一直困扰我，在租房厨房这样用会不会更难清洗？,3
mock-c90-40,100000000000000000000090,空间不够一直困扰我，在租房厨房这样用会不会更难清洗？,4
mock-c90-41,100000000000000000000090,清洗麻烦一直困扰我，在租房厨房这样用会不会更难清洗？,5
mock-c90-42,100000000000000000000090,拿取费时一直困扰我，在租房厨房这样用会不会更难清洗？,6
mock-c90-43,100000000000000000000090,容易串味一直困扰我，在租房厨房这样用会不会更难清洗？,7
mock-c90-44,100000000000000000000090,尺寸不合一直困扰我，在租房厨房这样用会不会更难清洗？,8
mock-c90-45,100000000000000000000090,空间不够一直困扰我，在租房厨房这样用会不会更难清洗？,0
mock-c90-46,100000000000000000000090,清洗麻烦一直困扰我，在租房厨房这样用会不会更难清洗？,1
mock-c90-47,100000000000000000000090,拿取费时一直困扰我，在租房厨房这样用会不会更难清洗？,2
mock-c90-48,100000000000000000000090,容易串味一直困扰我，在租房厨房这样用会不会更难清洗？,3
mock-c90-49,100000000000000000000090,尺寸不合一直困扰我，在租房厨房这样用会不会更难清洗？,4
mock-c90-50,100000000000000000000090,空间不够一直困扰我，在租房厨房这样用会不会更难清洗？,5
mock-c90-51,100000000000000000000090,清洗麻烦一直困扰我，在租房厨房这样用会不会更难清洗？,6
mock-c90-52,100000000000000000000090,拿取费时一直困扰我，在租房厨房这样用会不会更难清洗？,7
mock-c90-53,100000000000000000000090,容易串味一直困扰我，在租房厨房这样用会不会更难清洗？,8
mock-c90-54,100000000000000000000090,尺寸不合一直困扰我，在租房厨房这样用会不会更难清洗？,0
mock-c90-55,100000000000000000000090,空间不够一直困扰我，在租房厨房这样用会不会更难清洗？,1
mock-c90-56,100000000000000000000090,清洗麻烦一直困扰我，在租房厨房这样用会不会更难清洗？,2
mock-c90-57,100000000000000000000090,拿取费时一直困扰我，在租房厨房这样用会不会更难清洗？,3
mock-c90-58,100000000000000000000090,容易串味一直困扰我，在租房厨房这样用会不会更难清洗？,4
mock-c90-59,100000000000000000000090,尺寸不合一直困扰我，在租房厨房这样用会不会更难清洗？,5
mock-c90-60,100000000000000000000090,空间不够一直困扰我，在租房厨房这样用会不会更难清洗？,6
mock-c90-61,100000000000000000000090,清洗麻烦一直困扰我，在租房厨房这样用会不会更难清洗？,7
mock-c90-62,100000000000000000000090,拿取费时一直困扰我，在租房厨房这样用会不会更难清洗？,8
mock-c90-63,100000000000000000000090,容易串味一直困扰我，在租房厨房这样用会不会更难清洗？,0
mock-c90-64,100000000000000000000090,尺寸不合一直困扰我，在租房厨房这样用会不会更难清洗？,1
mock-c90-65,100000000000000000000090,空间不够一直困扰我，在租房厨房这样用会不会更难清洗？,2
mock-c90-66,100000000000000000000090,清洗麻烦一直困扰我，在租房厨房这样用会不会更难清洗？,3
mock-c90-67,100000000000000000000090,拿取费时一直困扰我，在租房厨房这样用会不会更难清洗？,4
mock-c90-68,100000000000000000000090,容易串味一直困扰我，在租房厨房这样用会不会更难清洗？,5
mock-c90-69,100000000000000000000090,尺寸不合一直困扰我，在租房厨房这样用会不会更难清洗？,6
mock-c90-70,100000000000000000000090,空间不够一直困扰我，在租房厨房这样用会不会更难清洗？,7
mock-c90-71,100000000000000000000090,清洗麻烦一直困扰我，在租房厨房这样用会不会更难清洗？,8
mock-c90-72,100000000000000000000090,拿取费时一直困扰我，在租房厨房这样用会不会更难清洗？,0
mock-c90-73,100000000000000000000090,容易串味一直困扰我，在租房厨房这样用会不会更难清洗？,1
mock-c90-74,100000000000000000000090,尺寸不合一直困扰我，在租房厨房这样用会不会更难清洗？,2
mock-c90-75,100000000000000000000090,空间不够一直困扰我，在租房厨房这样用会不会更难清洗？,3
mock-c90-76,100000000000000000000090,清洗麻烦一直困扰我，在租房厨房这样用会不会更难清洗？,4
mock-c90-77,100000000000000000000090,拿取费时一直困扰我，在租房厨房这样用会不会更难清洗？,5
mock-c90-78,100000000000000000000090,容易串味一直困扰我，在租房厨房这样用会不会更难清洗？,6
mock-c90-79,100000000000000000000090,尺寸不合一直困扰我，在租房厨房这样用会不会更难清洗？,7
mock-c90-80,100000000000000000000090,空间不够一直困扰我，在租房厨房这样用会不会更难清洗？,8
mock-c90-81,100000000000000000000090,清洗麻烦一直困扰我，在租房厨房这样用会不会更难清洗？,0
mock-c90-82,100000000000000000000090,拿取费时一直困扰我，在租房厨房这样用会不会更难清洗？,1
mock-c90-83,100000000000000000000090,容易串味一直困扰我，在租房厨房这样用会不会更难清洗？,2
mock-c90-84,100000000000000000000090,尺寸不合一直困扰我，在租房厨房这样用会不会更难清洗？,3
mock-c90-85,100000000000000000000090,空间不够一直困扰我，在租房厨房这样用会不会更难清洗？,4
mock-c90-86,100000000000000000000090,清洗麻烦一直困扰我，在租房厨房这样用会不会更难清洗？,5
mock-c90-87,100000000000000000000090,拿取费时一直困扰我，在租房厨房这样用会不会更难清洗？,6
mock-c90-88,100000000000000000000090,容易串味一直困扰我，在租房厨房这样用会不会更难清洗？,7
mock-c90-89,100000000000000000000090,尺寸不合一直困扰我，在租房厨房这样用会不会更难清洗？,8
mock-c90-90,100000000000000000000090,空间不够一直困扰我，在租房厨房这样用会不会更难清洗？,0
mock-c90-91,100000000000000000000090,清洗麻烦一直困扰我，在租房厨房这样用会不会更难清洗？,1
mock-c90-92,100000000000000000000090,拿取费时一直困扰我，在租房厨房这样用会不会更难清洗？,2
mock-c90-93,100000000000000000000090,容易串味一直困扰我，在租房厨房这样用会不会更难清洗？,3
mock-c90-94,100000000000000000000090,尺寸不合一直困扰我，在租房厨房这样用会不会更难清洗？,4
mock-c90-95,100000000000000000000090,空间不够一直困扰我，在租房厨房这样用会不会更难清洗？,5
mock-c90-96,100000000000000000000090,清洗麻烦一直困扰我，在租房厨房这样用会不会更难清洗？,6
mock-c90-97,100000000000000000000090,拿取费时一直困扰我，在租房厨房这样用会不会更难清洗？,7
mock-c90-98,100000000000000000000090,容易串味一直困扰我，在租房厨房这样用会不会更难清洗？,8
mock-c90-99,100000000000000000000090,尺寸不合一直困扰我，在租房厨房这样用会不会更难清洗？,0
mock-c97-0,100000000000000000000097,空间不够一直困扰我，在周末备餐这样用会不会更难清洗？,0
mock-c97-1,100000000000000000000097,清洗麻烦一直困扰我，在周末备餐这样用会不会更难清洗？,1
mock-c97-2,100000000000000000000097,拿取费时一直困扰我，在周末备餐这样用会不会更难清洗？,2
mock-c97-3,100000000000000000000097,容易串味一直困扰我，在周末备餐这样用会不会更难清洗？,3
mock-c97-4,100000000000000000000097,尺寸不合一直困扰我，在周末备餐这样用会不会更难清洗？,4
mock-c97-5,100000000000000000000097,空间不够一直困扰我，在周末备餐这样用会不会更难清洗？,5
mock-c97-6,100000000000000000000097,清洗麻烦一直困扰我，在周末备餐这样用会不会更难清洗？,6
mock-c97-7,100000000000000000000097,拿取费时一直困扰我，在周末备餐这样用会不会更难清洗？,7
mock-c97-8,100000000000000000000097,容易串味一直困扰我，在周末备餐这样用会不会更难清洗？,8
mock-c97-9,100000000000000000000097,尺寸不合一直困扰我，在周末备餐这样用会不会更难清洗？,0
mock-c97-10,100000000000000000000097,空间不够一直困扰我，在周末备餐这样用会不会更难清洗？,1
mock-c97-11,100000000000000000000097,清洗麻烦一直困扰我，在周末备餐这样用会不会更难清洗？,2
mock-c97-12,100000000000000000000097,拿取费时一直困扰我，在周末备餐这样用会不会更难清洗？,3
mock-c97-13,100000000000000000000097,容易串味一直困扰我，在周末备餐这样用会不会更难清洗？,4
mock-c97-14,100000000000000000000097,尺寸不合一直困扰我，在周末备餐这样用会不会更难清洗？,5
mock-c97-15,100000000000000000000097,空间不够一直困扰我，在周末备餐这样用会不会更难清洗？,6
mock-c97-16,100000000000000000000097,清洗麻烦一直困扰我，在周末备餐这样用会不会更难清洗？,7
mock-c97-17,100000000000000000000097,拿取费时一直困扰我，在周末备餐这样用会不会更难清洗？,8
mock-c97-18,100000000000000000000097,容易串味一直困扰我，在周末备餐这样用会不会更难清洗？,0
mock-c97-19,100000000000000000000097,尺寸不合一直困扰我，在周末备餐这样用会不会更难清洗？,1
mock-c97-20,100000000000000000000097,空间不够一直困扰我，在周末备餐这样用会不会更难清洗？,2
mock-c97-21,100000000000000000000097,清洗麻烦一直困扰我，在周末备餐这样用会不会更难清洗？,3
mock-c97-22,100000000000000000000097,拿取费时一直困扰我，在周末备餐这样用会不会更难清洗？,4
mock-c97-23,100000000000000000000097,容易串味一直困扰我，在周末备餐这样用会不会更难清洗？,5
mock-c97-24,100000000000000000000097,尺寸不合一直困扰我，在周末备餐这样用会不会更难清洗？,6
mock-c97-25,100000000000000000000097,空间不够一直困扰我，在周末备餐这样用会不会更难清洗？,7
mock-c97-26,100000000000000000000097,清洗麻烦一直困扰我，在周末备餐这样用会不会更难清洗？,8
mock-c97-27,100000000000000000000097,拿取费时一直困扰我，在周末备餐这样用会不会更难清洗？,0
mock-c97-28,100000000000000000000097,容易串味一直困扰我，在周末备餐这样用会不会更难清洗？,1
mock-c97-29,100000000000000000000097,尺寸不合一直困扰我，在周末备餐这样用会不会更难清洗？,2
mock-c97-30,100000000000000000000097,空间不够一直困扰我，在周末备餐这样用会不会更难清洗？,3
mock-c97-31,100000000000000000000097,清洗麻烦一直困扰我，在周末备餐这样用会不会更难清洗？,4
mock-c97-32,100000000000000000000097,拿取费时一直困扰我，在周末备餐这样用会不会更难清洗？,5
mock-c97-33,100000000000000000000097,容易串味一直困扰我，在周末备餐这样用会不会更难清洗？,6
mock-c97-34,100000000000000000000097,尺寸不合一直困扰我，在周末备餐这样用会不会更难清洗？,7
mock-c97-35,100000000000000000000097,空间不够一直困扰我，在周末备餐这样用会不会更难清洗？,8
mock-c97-36,100000000000000000000097,清洗麻烦一直困扰我，在周末备餐这样用会不会更难清洗？,0
mock-c97-37,100000000000000000000097,拿取费时一直困扰我，在周末备餐这样用会不会更难清洗？,1
mock-c97-38,100000000000000000000097,容易串味一直困扰我，在周末备餐这样用会不会更难清洗？,2
mock-c97-39,100000000000000000000097,尺寸不合一直困扰我，在周末备餐这样用会不会更难清洗？,3
mock-c97-40,100000000000000000000097,空间不够一直困扰我，在周末备餐这样用会不会更难清洗？,4
mock-c97-41,100000000000000000000097,清洗麻烦一直困扰我，在周末备餐这样用会不会更难清洗？,5
mock-c97-42,100000000000000000000097,拿取费时一直困扰我，在周末备餐这样用会不会更难清洗？,6
mock-c97-43,100000000000000000000097,容易串味一直困扰我，在周末备餐这样用会不会更难清洗？,7
mock-c97-44,100000000000000000000097,尺寸不合一直困扰我，在周末备餐这样用会不会更难清洗？,8
mock-c97-45,100000000000000000000097,空间不够一直困扰我，在周末备餐这样用会不会更难清洗？,0
mock-c97-46,100000000000000000000097,清洗麻烦一直困扰我，在周末备餐这样用会不会更难清洗？,1
mock-c97-47,100000000000000000000097,拿取费时一直困扰我，在周末备餐这样用会不会更难清洗？,2
mock-c97-48,100000000000000000000097,容易串味一直困扰我，在周末备餐这样用会不会更难清洗？,3
mock-c97-49,100000000000000000000097,尺寸不合一直困扰我，在周末备餐这样用会不会更难清洗？,4
mock-c97-50,100000000000000000000097,空间不够一直困扰我，在周末备餐这样用会不会更难清洗？,5
mock-c97-51,100000000000000000000097,清洗麻烦一直困扰我，在周末备餐这样用会不会更难清洗？,6
mock-c97-52,100000000000000000000097,拿取费时一直困扰我，在周末备餐这样用会不会更难清洗？,7
mock-c97-53,100000000000000000000097,容易串味一直困扰我，在周末备餐这样用会不会更难清洗？,8
mock-c97-54,100000000000000000000097,尺寸不合一直困扰我，在周末备餐这样用会不会更难清洗？,0
mock-c97-55,100000000000000000000097,空间不够一直困扰我，在周末备餐这样用会不会更难清洗？,1
mock-c97-56,100000000000000000000097,清洗麻烦一直困扰我，在周末备餐这样用会不会更难清洗？,2
mock-c97-57,100000000000000000000097,拿取费时一直困扰我，在周末备餐这样用会不会更难清洗？,3
mock-c97-58,100000000000000000000097,容易串味一直困扰我，在周末备餐这样用会不会更难清洗？,4
mock-c97-59,100000000000000000000097,尺寸不合一直困扰我，在周末备餐这样用会不会更难清洗？,5
mock-c97-60,100000000000000000000097,空间不够一直困扰我，在周末备餐这样用会不会更难清洗？,6
mock-c97-61,100000000000000000000097,清洗麻烦一直困扰我，在周末备餐这样用会不会更难清洗？,7
mock-c97-62,100000000000000000000097,拿取费时一直困扰我，在周末备餐这样用会不会更难清洗？,8
mock-c97-63,100000000000000000000097,容易串味一直困扰我，在周末备餐这样用会不会更难清洗？,0
mock-c97-64,100000000000000000000097,尺寸不合一直困扰我，在周末备餐这样用会不会更难清洗？,1
mock-c97-65,100000000000000000000097,空间不够一直困扰我，在周末备餐这样用会不会更难清洗？,2
mock-c97-66,100000000000000000000097,清洗麻烦一直困扰我，在周末备餐这样用会不会更难清洗？,3
mock-c97-67,100000000000000000000097,拿取费时一直困扰我，在周末备餐这样用会不会更难清洗？,4
mock-c97-68,100000000000000000000097,容易串味一直困扰我，在周末备餐这样用会不会更难清洗？,5
mock-c97-69,100000000000000000000097,尺寸不合一直困扰我，在周末备餐这样用会不会更难清洗？,6
mock-c97-70,100000000000000000000097,空间不够一直困扰我，在周末备餐这样用会不会更难清洗？,7
mock-c97-71,100000000000000000000097,清洗麻烦一直困扰我，在周末备餐这样用会不会更难清洗？,8
mock-c97-72,100000000000000000000097,拿取费时一直困扰我，在周末备餐这样用会不会更难清洗？,0
mock-c97-73,100000000000000000000097,容易串味一直困扰我，在周末备餐这样用会不会更难清洗？,1
mock-c97-74,100000000000000000000097,尺寸不合一直困扰我，在周末备餐这样用会不会更难清洗？,2
mock-c97-75,100000000000000000000097,空间不够一直困扰我，在周末备餐这样用会不会更难清洗？,3
mock-c97-76,100000000000000000000097,清洗麻烦一直困扰我，在周末备餐这样用会不会更难清洗？,4
mock-c97-77,100000000000000000000097,拿取费时一直困扰我，在周末备餐这样用会不会更难清洗？,5
mock-c97-78,100000000000000000000097,容易串味一直困扰我，在周末备餐这样用会不会更难清洗？,6
mock-c97-79,100000000000000000000097,尺寸不合一直困扰我，在周末备餐这样用会不会更难清洗？,7
mock-c97-80,100000000000000000000097,空间不够一直困扰我，在周末备餐这样用会不会更难清洗？,8
mock-c97-81,100000000000000000000097,清洗麻烦一直困扰我，在周末备餐这样用会不会更难清洗？,0
mock-c97-82,100000000000000000000097,拿取费时一直困扰我，在周末备餐这样用会不会更难清洗？,1
mock-c97-83,100000000000000000000097,容易串味一直困扰我，在周末备餐这样用会不会更难清洗？,2
mock-c97-84,100000000000000000000097,尺寸不合一直困扰我，在周末备餐这样用会不会更难清洗？,3
mock-c97-85,100000000000000000000097,空间不够一直困扰我，在周末备餐这样用会不会更难清洗？,4
mock-c97-86,100000000000000000000097,清洗麻烦一直困扰我，在周末备餐这样用会不会更难清洗？,5
mock-c97-87,100000000000000000000097,拿取费时一直困扰我，在周末备餐这样用会不会更难清洗？,6
mock-c97-88,100000000000000000000097,容易串味一直困扰我，在周末备餐这样用会不会更难清洗？,7
mock-c97-89,100000000000000000000097,尺寸不合一直困扰我，在周末备餐这样用会不会更难清洗？,8
mock-c97-90,100000000000000000000097,空间不够一直困扰我，在周末备餐这样用会不会更难清洗？,0
mock-c97-91,100000000000000000000097,清洗麻烦一直困扰我，在周末备餐这样用会不会更难清洗？,1
mock-c97-92,100000000000000000000097,拿取费时一直困扰我，在周末备餐这样用会不会更难清洗？,2
mock-c97-93,100000000000000000000097,容易串味一直困扰我，在周末备餐这样用会不会更难清洗？,3
mock-c97-94,100000000000000000000097,尺寸不合一直困扰我，在周末备餐这样用会不会更难清洗？,4
mock-c97-95,100000000000000000000097,空间不够一直困扰我，在周末备餐这样用会不会更难清洗？,5
mock-c97-96,100000000000000000000097,清洗麻烦一直困扰我，在周末备餐这样用会不会更难清洗？,6
mock-c97-97,100000000000000000000097,拿取费时一直困扰我，在周末备餐这样用会不会更难清洗？,7
mock-c97-98,100000000000000000000097,容易串味一直困扰我，在周末备餐这样用会不会更难清洗？,8
mock-c97-99,100000000000000000000097,尺寸不合一直困扰我，在周末备餐这样用会不会更难清洗？,0
mock-c89-0,100000000000000000000089,空间不够一直困扰我，在小户型冰箱这样用会不会更难清洗？,0
mock-c89-1,100000000000000000000089,清洗麻烦一直困扰我，在小户型冰箱这样用会不会更难清洗？,1
mock-c89-2,100000000000000000000089,拿取费时一直困扰我，在小户型冰箱这样用会不会更难清洗？,2
mock-c89-3,100000000000000000000089,容易串味一直困扰我，在小户型冰箱这样用会不会更难清洗？,3
mock-c89-4,100000000000000000000089,尺寸不合一直困扰我，在小户型冰箱这样用会不会更难清洗？,4
mock-c89-5,100000000000000000000089,空间不够一直困扰我，在小户型冰箱这样用会不会更难清洗？,5
mock-c89-6,100000000000000000000089,清洗麻烦一直困扰我，在小户型冰箱这样用会不会更难清洗？,6
mock-c89-7,100000000000000000000089,拿取费时一直困扰我，在小户型冰箱这样用会不会更难清洗？,7
mock-c89-8,100000000000000000000089,容易串味一直困扰我，在小户型冰箱这样用会不会更难清洗？,8
mock-c89-9,100000000000000000000089,尺寸不合一直困扰我，在小户型冰箱这样用会不会更难清洗？,0
mock-c89-10,100000000000000000000089,空间不够一直困扰我，在小户型冰箱这样用会不会更难清洗？,1
mock-c89-11,100000000000000000000089,清洗麻烦一直困扰我，在小户型冰箱这样用会不会更难清洗？,2
mock-c89-12,100000000000000000000089,拿取费时一直困扰我，在小户型冰箱这样用会不会更难清洗？,3
mock-c89-13,100000000000000000000089,容易串味一直困扰我，在小户型冰箱这样用会不会更难清洗？,4
mock-c89-14,100000000000000000000089,尺寸不合一直困扰我，在小户型冰箱这样用会不会更难清洗？,5
mock-c89-15,100000000000000000000089,空间不够一直困扰我，在小户型冰箱这样用会不会更难清洗？,6
mock-c89-16,100000000000000000000089,清洗麻烦一直困扰我，在小户型冰箱这样用会不会更难清洗？,7
mock-c89-17,100000000000000000000089,拿取费时一直困扰我，在小户型冰箱这样用会不会更难清洗？,8
mock-c89-18,100000000000000000000089,容易串味一直困扰我，在小户型冰箱这样用会不会更难清洗？,0
mock-c89-19,100000000000000000000089,尺寸不合一直困扰我，在小户型冰箱这样用会不会更难清洗？,1
mock-c89-20,100000000000000000000089,空间不够一直困扰我，在小户型冰箱这样用会不会更难清洗？,2
mock-c89-21,100000000000000000000089,清洗麻烦一直困扰我，在小户型冰箱这样用会不会更难清洗？,3
mock-c89-22,100000000000000000000089,拿取费时一直困扰我，在小户型冰箱这样用会不会更难清洗？,4
mock-c89-23,100000000000000000000089,容易串味一直困扰我，在小户型冰箱这样用会不会更难清洗？,5
mock-c89-24,100000000000000000000089,尺寸不合一直困扰我，在小户型冰箱这样用会不会更难清洗？,6
mock-c89-25,100000000000000000000089,空间不够一直困扰我，在小户型冰箱这样用会不会更难清洗？,7
mock-c89-26,100000000000000000000089,清洗麻烦一直困扰我，在小户型冰箱这样用会不会更难清洗？,8
mock-c89-27,100000000000000000000089,拿取费时一直困扰我，在小户型冰箱这样用会不会更难清洗？,0
mock-c89-28,100000000000000000000089,容易串味一直困扰我，在小户型冰箱这样用会不会更难清洗？,1
mock-c89-29,100000000000000000000089,尺寸不合一直困扰我，在小户型冰箱这样用会不会更难清洗？,2
mock-c89-30,100000000000000000000089,空间不够一直困扰我，在小户型冰箱这样用会不会更难清洗？,3
mock-c89-31,100000000000000000000089,清洗麻烦一直困扰我，在小户型冰箱这样用会不会更难清洗？,4
mock-c89-32,100000000000000000000089,拿取费时一直困扰我，在小户型冰箱这样用会不会更难清洗？,5
mock-c89-33,100000000000000000000089,容易串味一直困扰我，在小户型冰箱这样用会不会更难清洗？,6
mock-c89-34,100000000000000000000089,尺寸不合一直困扰我，在小户型冰箱这样用会不会更难清洗？,7
mock-c89-35,100000000000000000000089,空间不够一直困扰我，在小户型冰箱这样用会不会更难清洗？,8
mock-c89-36,100000000000000000000089,清洗麻烦一直困扰我，在小户型冰箱这样用会不会更难清洗？,0
mock-c89-37,100000000000000000000089,拿取费时一直困扰我，在小户型冰箱这样用会不会更难清洗？,1
mock-c89-38,100000000000000000000089,容易串味一直困扰我，在小户型冰箱这样用会不会更难清洗？,2
mock-c89-39,100000000000000000000089,尺寸不合一直困扰我，在小户型冰箱这样用会不会更难清洗？,3
mock-c89-40,100000000000000000000089,空间不够一直困扰我，在小户型冰箱这样用会不会更难清洗？,4
mock-c89-41,100000000000000000000089,清洗麻烦一直困扰我，在小户型冰箱这样用会不会更难清洗？,5
mock-c89-42,100000000000000000000089,拿取费时一直困扰我，在小户型冰箱这样用会不会更难清洗？,6
mock-c89-43,100000000000000000000089,容易串味一直困扰我，在小户型冰箱这样用会不会更难清洗？,7
mock-c89-44,100000000000000000000089,尺寸不合一直困扰我，在小户型冰箱这样用会不会更难清洗？,8
mock-c89-45,100000000000000000000089,空间不够一直困扰我，在小户型冰箱这样用会不会更难清洗？,0
mock-c89-46,100000000000000000000089,清洗麻烦一直困扰我，在小户型冰箱这样用会不会更难清洗？,1
mock-c89-47,100000000000000000000089,拿取费时一直困扰我，在小户型冰箱这样用会不会更难清洗？,2
mock-c89-48,100000000000000000000089,容易串味一直困扰我，在小户型冰箱这样用会不会更难清洗？,3
mock-c89-49,100000000000000000000089,尺寸不合一直困扰我，在小户型冰箱这样用会不会更难清洗？,4
mock-c89-50,100000000000000000000089,空间不够一直困扰我，在小户型冰箱这样用会不会更难清洗？,5
mock-c89-51,100000000000000000000089,清洗麻烦一直困扰我，在小户型冰箱这样用会不会更难清洗？,6
mock-c89-52,100000000000000000000089,拿取费时一直困扰我，在小户型冰箱这样用会不会更难清洗？,7
mock-c89-53,100000000000000000000089,容易串味一直困扰我，在小户型冰箱这样用会不会更难清洗？,8
mock-c89-54,100000000000000000000089,尺寸不合一直困扰我，在小户型冰箱这样用会不会更难清洗？,0
mock-c89-55,100000000000000000000089,空间不够一直困扰我，在小户型冰箱这样用会不会更难清洗？,1
mock-c89-56,100000000000000000000089,清洗麻烦一直困扰我，在小户型冰箱这样用会不会更难清洗？,2
mock-c89-57,100000000000000000000089,拿取费时一直困扰我，在小户型冰箱这样用会不会更难清洗？,3
mock-c89-58,100000000000000000000089,容易串味一直困扰我，在小户型冰箱这样用会不会更难清洗？,4
mock-c89-59,100000000000000000000089,尺寸不合一直困扰我，在小户型冰箱这样用会不会更难清洗？,5
mock-c89-60,100000000000000000000089,空间不够一直困扰我，在小户型冰箱这样用会不会更难清洗？,6
mock-c89-61,100000000000000000000089,清洗麻烦一直困扰我，在小户型冰箱这样用会不会更难清洗？,7
mock-c89-62,100000000000000000000089,拿取费时一直困扰我，在小户型冰箱这样用会不会更难清洗？,8
mock-c89-63,100000000000000000000089,容易串味一直困扰我，在小户型冰箱这样用会不会更难清洗？,0
mock-c89-64,100000000000000000000089,尺寸不合一直困扰我，在小户型冰箱这样用会不会更难清洗？,1
mock-c89-65,100000000000000000000089,空间不够一直困扰我，在小户型冰箱这样用会不会更难清洗？,2
mock-c89-66,100000000000000000000089,清洗麻烦一直困扰我，在小户型冰箱这样用会不会更难清洗？,3
mock-c89-67,100000000000000000000089,拿取费时一直困扰我，在小户型冰箱这样用会不会更难清洗？,4
mock-c89-68,100000000000000000000089,容易串味一直困扰我，在小户型冰箱这样用会不会更难清洗？,5
mock-c89-69,100000000000000000000089,尺寸不合一直困扰我，在小户型冰箱这样用会不会更难清洗？,6
mock-c89-70,100000000000000000000089,空间不够一直困扰我，在小户型冰箱这样用会不会更难清洗？,7
mock-c89-71,100000000000000000000089,清洗麻烦一直困扰我，在小户型冰箱这样用会不会更难清洗？,8
mock-c89-72,100000000000000000000089,拿取费时一直困扰我，在小户型冰箱这样用会不会更难清洗？,0
mock-c89-73,100000000000000000000089,容易串味一直困扰我，在小户型冰箱这样用会不会更难清洗？,1
mock-c89-74,100000000000000000000089,尺寸不合一直困扰我，在小户型冰箱这样用会不会更难清洗？,2
mock-c89-75,100000000000000000000089,空间不够一直困扰我，在小户型冰箱这样用会不会更难清洗？,3
mock-c89-76,100000000000000000000089,清洗麻烦一直困扰我，在小户型冰箱这样用会不会更难清洗？,4
mock-c89-77,100000000000000000000089,拿取费时一直困扰我，在小户型冰箱这样用会不会更难清洗？,5
mock-c89-78,100000000000000000000089,容易串味一直困扰我，在小户型冰箱这样用会不会更难清洗？,6
mock-c89-79,100000000000000000000089,尺寸不合一直困扰我，在小户型冰箱这样用会不会更难清洗？,7
mock-c89-80,100000000000000000000089,空间不够一直困扰我，在小户型冰箱这样用会不会更难清洗？,8
mock-c89-81,100000000000000000000089,清洗麻烦一直困扰我，在小户型冰箱这样用会不会更难清洗？,0
mock-c89-82,100000000000000000000089,拿取费时一直困扰我，在小户型冰箱这样用会不会更难清洗？,1
mock-c89-83,100000000000000000000089,容易串味一直困扰我，在小户型冰箱这样用会不会更难清洗？,2
mock-c89-84,100000000000000000000089,尺寸不合一直困扰我，在小户型冰箱这样用会不会更难清洗？,3
mock-c89-85,100000000000000000000089,空间不够一直困扰我，在小户型冰箱这样用会不会更难清洗？,4
mock-c89-86,100000000000000000000089,清洗麻烦一直困扰我，在小户型冰箱这样用会不会更难清洗？,5
mock-c89-87,100000000000000000000089,拿取费时一直困扰我，在小户型冰箱这样用会不会更难清洗？,6
mock-c89-88,100000000000000000000089,容易串味一直困扰我，在小户型冰箱这样用会不会更难清洗？,7
mock-c89-89,100000000000000000000089,尺寸不合一直困扰我，在小户型冰箱这样用会不会更难清洗？,8
mock-c89-90,100000000000000000000089,空间不够一直困扰我，在小户型冰箱这样用会不会更难清洗？,0
mock-c89-91,100000000000000000000089,清洗麻烦一直困扰我，在小户型冰箱这样用会不会更难清洗？,1
mock-c89-92,100000000000000000000089,拿取费时一直困扰我，在小户型冰箱这样用会不会更难清洗？,2
mock-c89-93,100000000000000000000089,容易串味一直困扰我，在小户型冰箱这样用会不会更难清洗？,3
mock-c89-94,100000000000000000000089,尺寸不合一直困扰我，在小户型冰箱这样用会不会更难清洗？,4
mock-c89-95,100000000000000000000089,空间不够一直困扰我，在小户型冰箱这样用会不会更难清洗？,5
mock-c89-96,100000000000000000000089,清洗麻烦一直困扰我，在小户型冰箱这样用会不会更难清洗？,6
mock-c89-97,100000000000000000000089,拿取费时一直困扰我，在小户型冰箱这样用会不会更难清洗？,7
mock-c89-98,100000000000000000000089,容易串味一直困扰我，在小户型冰箱这样用会不会更难清洗？,8
mock-c89-99,100000000000000000000089,尺寸不合一直困扰我，在小户型冰箱这样用会不会更难清洗？,0
mock-c96-0,100000000000000000000096,空间不够一直困扰我，在通勤午餐这样用会不会更难清洗？,0
mock-c96-1,100000000000000000000096,清洗麻烦一直困扰我，在通勤午餐这样用会不会更难清洗？,1
mock-c96-2,100000000000000000000096,拿取费时一直困扰我，在通勤午餐这样用会不会更难清洗？,2
mock-c96-3,100000000000000000000096,容易串味一直困扰我，在通勤午餐这样用会不会更难清洗？,3
mock-c96-4,100000000000000000000096,尺寸不合一直困扰我，在通勤午餐这样用会不会更难清洗？,4
mock-c96-5,100000000000000000000096,空间不够一直困扰我，在通勤午餐这样用会不会更难清洗？,5
mock-c96-6,100000000000000000000096,清洗麻烦一直困扰我，在通勤午餐这样用会不会更难清洗？,6
mock-c96-7,100000000000000000000096,拿取费时一直困扰我，在通勤午餐这样用会不会更难清洗？,7
mock-c96-8,100000000000000000000096,容易串味一直困扰我，在通勤午餐这样用会不会更难清洗？,8
mock-c96-9,100000000000000000000096,尺寸不合一直困扰我，在通勤午餐这样用会不会更难清洗？,0
mock-c96-10,100000000000000000000096,空间不够一直困扰我，在通勤午餐这样用会不会更难清洗？,1
mock-c96-11,100000000000000000000096,清洗麻烦一直困扰我，在通勤午餐这样用会不会更难清洗？,2
mock-c96-12,100000000000000000000096,拿取费时一直困扰我，在通勤午餐这样用会不会更难清洗？,3
mock-c96-13,100000000000000000000096,容易串味一直困扰我，在通勤午餐这样用会不会更难清洗？,4
mock-c96-14,100000000000000000000096,尺寸不合一直困扰我，在通勤午餐这样用会不会更难清洗？,5
mock-c96-15,100000000000000000000096,空间不够一直困扰我，在通勤午餐这样用会不会更难清洗？,6
mock-c96-16,100000000000000000000096,清洗麻烦一直困扰我，在通勤午餐这样用会不会更难清洗？,7
mock-c96-17,100000000000000000000096,拿取费时一直困扰我，在通勤午餐这样用会不会更难清洗？,8
mock-c96-18,100000000000000000000096,容易串味一直困扰我，在通勤午餐这样用会不会更难清洗？,0
mock-c96-19,100000000000000000000096,尺寸不合一直困扰我，在通勤午餐这样用会不会更难清洗？,1
mock-c96-20,100000000000000000000096,空间不够一直困扰我，在通勤午餐这样用会不会更难清洗？,2
mock-c96-21,100000000000000000000096,清洗麻烦一直困扰我，在通勤午餐这样用会不会更难清洗？,3
mock-c96-22,100000000000000000000096,拿取费时一直困扰我，在通勤午餐这样用会不会更难清洗？,4
mock-c96-23,100000000000000000000096,容易串味一直困扰我，在通勤午餐这样用会不会更难清洗？,5
mock-c96-24,100000000000000000000096,尺寸不合一直困扰我，在通勤午餐这样用会不会更难清洗？,6
mock-c96-25,100000000000000000000096,空间不够一直困扰我，在通勤午餐这样用会不会更难清洗？,7
mock-c96-26,100000000000000000000096,清洗麻烦一直困扰我，在通勤午餐这样用会不会更难清洗？,8
mock-c96-27,100000000000000000000096,拿取费时一直困扰我，在通勤午餐这样用会不会更难清洗？,0
mock-c96-28,100000000000000000000096,容易串味一直困扰我，在通勤午餐这样用会不会更难清洗？,1
mock-c96-29,100000000000000000000096,尺寸不合一直困扰我，在通勤午餐这样用会不会更难清洗？,2
mock-c96-30,100000000000000000000096,空间不够一直困扰我，在通勤午餐这样用会不会更难清洗？,3
mock-c96-31,100000000000000000000096,清洗麻烦一直困扰我，在通勤午餐这样用会不会更难清洗？,4
mock-c96-32,100000000000000000000096,拿取费时一直困扰我，在通勤午餐这样用会不会更难清洗？,5
mock-c96-33,100000000000000000000096,容易串味一直困扰我，在通勤午餐这样用会不会更难清洗？,6
mock-c96-34,100000000000000000000096,尺寸不合一直困扰我，在通勤午餐这样用会不会更难清洗？,7
mock-c96-35,100000000000000000000096,空间不够一直困扰我，在通勤午餐这样用会不会更难清洗？,8
mock-c96-36,100000000000000000000096,清洗麻烦一直困扰我，在通勤午餐这样用会不会更难清洗？,0
mock-c96-37,100000000000000000000096,拿取费时一直困扰我，在通勤午餐这样用会不会更难清洗？,1
mock-c96-38,100000000000000000000096,容易串味一直困扰我，在通勤午餐这样用会不会更难清洗？,2
mock-c96-39,100000000000000000000096,尺寸不合一直困扰我，在通勤午餐这样用会不会更难清洗？,3
mock-c96-40,100000000000000000000096,空间不够一直困扰我，在通勤午餐这样用会不会更难清洗？,4
mock-c96-41,100000000000000000000096,清洗麻烦一直困扰我，在通勤午餐这样用会不会更难清洗？,5
mock-c96-42,100000000000000000000096,拿取费时一直困扰我，在通勤午餐这样用会不会更难清洗？,6
mock-c96-43,100000000000000000000096,容易串味一直困扰我，在通勤午餐这样用会不会更难清洗？,7
mock-c96-44,100000000000000000000096,尺寸不合一直困扰我，在通勤午餐这样用会不会更难清洗？,8
mock-c96-45,100000000000000000000096,空间不够一直困扰我，在通勤午餐这样用会不会更难清洗？,0
mock-c96-46,100000000000000000000096,清洗麻烦一直困扰我，在通勤午餐这样用会不会更难清洗？,1
mock-c96-47,100000000000000000000096,拿取费时一直困扰我，在通勤午餐这样用会不会更难清洗？,2
mock-c96-48,100000000000000000000096,容易串味一直困扰我，在通勤午餐这样用会不会更难清洗？,3
mock-c96-49,100000000000000000000096,尺寸不合一直困扰我，在通勤午餐这样用会不会更难清洗？,4
mock-c96-50,100000000000000000000096,空间不够一直困扰我，在通勤午餐这样用会不会更难清洗？,5
mock-c96-51,100000000000000000000096,清洗麻烦一直困扰我，在通勤午餐这样用会不会更难清洗？,6
mock-c96-52,100000000000000000000096,拿取费时一直困扰我，在通勤午餐这样用会不会更难清洗？,7
mock-c96-53,100000000000000000000096,容易串味一直困扰我，在通勤午餐这样用会不会更难清洗？,8
mock-c96-54,100000000000000000000096,尺寸不合一直困扰我，在通勤午餐这样用会不会更难清洗？,0
mock-c96-55,100000000000000000000096,空间不够一直困扰我，在通勤午餐这样用会不会更难清洗？,1
mock-c96-56,100000000000000000000096,清洗麻烦一直困扰我，在通勤午餐这样用会不会更难清洗？,2
mock-c96-57,100000000000000000000096,拿取费时一直困扰我，在通勤午餐这样用会不会更难清洗？,3
mock-c96-58,100000000000000000000096,容易串味一直困扰我，在通勤午餐这样用会不会更难清洗？,4
mock-c96-59,100000000000000000000096,尺寸不合一直困扰我，在通勤午餐这样用会不会更难清洗？,5
mock-c96-60,100000000000000000000096,空间不够一直困扰我，在通勤午餐这样用会不会更难清洗？,6
mock-c96-61,100000000000000000000096,清洗麻烦一直困扰我，在通勤午餐这样用会不会更难清洗？,7
mock-c96-62,100000000000000000000096,拿取费时一直困扰我，在通勤午餐这样用会不会更难清洗？,8
mock-c96-63,100000000000000000000096,容易串味一直困扰我，在通勤午餐这样用会不会更难清洗？,0
mock-c96-64,100000000000000000000096,尺寸不合一直困扰我，在通勤午餐这样用会不会更难清洗？,1
mock-c96-65,100000000000000000000096,空间不够一直困扰我，在通勤午餐这样用会不会更难清洗？,2
mock-c96-66,100000000000000000000096,清洗麻烦一直困扰我，在通勤午餐这样用会不会更难清洗？,3
mock-c96-67,100000000000000000000096,拿取费时一直困扰我，在通勤午餐这样用会不会更难清洗？,4
mock-c96-68,100000000000000000000096,容易串味一直困扰我，在通勤午餐这样用会不会更难清洗？,5
mock-c96-69,100000000000000000000096,尺寸不合一直困扰我，在通勤午餐这样用会不会更难清洗？,6
mock-c96-70,100000000000000000000096,空间不够一直困扰我，在通勤午餐这样用会不会更难清洗？,7
mock-c96-71,100000000000000000000096,清洗麻烦一直困扰我，在通勤午餐这样用会不会更难清洗？,8
mock-c96-72,100000000000000000000096,拿取费时一直困扰我，在通勤午餐这样用会不会更难清洗？,0
mock-c96-73,100000000000000000000096,容易串味一直困扰我，在通勤午餐这样用会不会更难清洗？,1
mock-c96-74,100000000000000000000096,尺寸不合一直困扰我，在通勤午餐这样用会不会更难清洗？,2
mock-c96-75,100000000000000000000096,空间不够一直困扰我，在通勤午餐这样用会不会更难清洗？,3
mock-c96-76,100000000000000000000096,清洗麻烦一直困扰我，在通勤午餐这样用会不会更难清洗？,4
mock-c96-77,100000000000000000000096,拿取费时一直困扰我，在通勤午餐这样用会不会更难清洗？,5
mock-c96-78,100000000000000000000096,容易串味一直困扰我，在通勤午餐这样用会不会更难清洗？,6
mock-c96-79,100000000000000000000096,尺寸不合一直困扰我，在通勤午餐这样用会不会更难清洗？,7
mock-c96-80,100000000000000000000096,空间不够一直困扰我，在通勤午餐这样用会不会更难清洗？,8
mock-c96-81,100000000000000000000096,清洗麻烦一直困扰我，在通勤午餐这样用会不会更难清洗？,0
mock-c96-82,100000000000000000000096,拿取费时一直困扰我，在通勤午餐这样用会不会更难清洗？,1
mock-c96-83,100000000000000000000096,容易串味一直困扰我，在通勤午餐这样用会不会更难清洗？,2
mock-c96-84,100000000000000000000096,尺寸不合一直困扰我，在通勤午餐这样用会不会更难清洗？,3
mock-c96-85,100000000000000000000096,空间不够一直困扰我，在通勤午餐这样用会不会更难清洗？,4
mock-c96-86,100000000000000000000096,清洗麻烦一直困扰我，在通勤午餐这样用会不会更难清洗？,5
mock-c96-87,100000000000000000000096,拿取费时一直困扰我，在通勤午餐这样用会不会更难清洗？,6
mock-c96-88,100000000000000000000096,容易串味一直困扰我，在通勤午餐这样用会不会更难清洗？,7
mock-c96-89,100000000000000000000096,尺寸不合一直困扰我，在通勤午餐这样用会不会更难清洗？,8
mock-c96-90,100000000000000000000096,空间不够一直困扰我，在通勤午餐这样用会不会更难清洗？,0
mock-c96-91,100000000000000000000096,清洗麻烦一直困扰我，在通勤午餐这样用会不会更难清洗？,1
mock-c96-92,100000000000000000000096,拿取费时一直困扰我，在通勤午餐这样用会不会更难清洗？,2
mock-c96-93,100000000000000000000096,容易串味一直困扰我，在通勤午餐这样用会不会更难清洗？,3
mock-c96-94,100000000000000000000096,尺寸不合一直困扰我，在通勤午餐这样用会不会更难清洗？,4
mock-c96-95,100000000000000000000096,空间不够一直困扰我，在通勤午餐这样用会不会更难清洗？,5
mock-c96-96,100000000000000000000096,清洗麻烦一直困扰我，在通勤午餐这样用会不会更难清洗？,6
mock-c96-97,100000000000000000000096,拿取费时一直困扰我，在通勤午餐这样用会不会更难清洗？,7
mock-c96-98,100000000000000000000096,容易串味一直困扰我，在通勤午餐这样用会不会更难清洗？,8
mock-c96-99,100000000000000000000096,尺寸不合一直困扰我，在通勤午餐这样用会不会更难清洗？,0
mock-c88-0,100000000000000000000088,空间不够一直困扰我，在宿舍桌面这样用会不会更难清洗？,0
mock-c88-1,100000000000000000000088,清洗麻烦一直困扰我，在宿舍桌面这样用会不会更难清洗？,1
mock-c88-2,100000000000000000000088,拿取费时一直困扰我，在宿舍桌面这样用会不会更难清洗？,2
mock-c88-3,100000000000000000000088,容易串味一直困扰我，在宿舍桌面这样用会不会更难清洗？,3
mock-c88-4,100000000000000000000088,尺寸不合一直困扰我，在宿舍桌面这样用会不会更难清洗？,4
mock-c88-5,100000000000000000000088,空间不够一直困扰我，在宿舍桌面这样用会不会更难清洗？,5
mock-c88-6,100000000000000000000088,清洗麻烦一直困扰我，在宿舍桌面这样用会不会更难清洗？,6
mock-c88-7,100000000000000000000088,拿取费时一直困扰我，在宿舍桌面这样用会不会更难清洗？,7
mock-c88-8,100000000000000000000088,容易串味一直困扰我，在宿舍桌面这样用会不会更难清洗？,8
mock-c88-9,100000000000000000000088,尺寸不合一直困扰我，在宿舍桌面这样用会不会更难清洗？,0
mock-c88-10,100000000000000000000088,空间不够一直困扰我，在宿舍桌面这样用会不会更难清洗？,1
mock-c88-11,100000000000000000000088,清洗麻烦一直困扰我，在宿舍桌面这样用会不会更难清洗？,2
mock-c88-12,100000000000000000000088,拿取费时一直困扰我，在宿舍桌面这样用会不会更难清洗？,3
mock-c88-13,100000000000000000000088,容易串味一直困扰我，在宿舍桌面这样用会不会更难清洗？,4
mock-c88-14,100000000000000000000088,尺寸不合一直困扰我，在宿舍桌面这样用会不会更难清洗？,5
mock-c88-15,100000000000000000000088,空间不够一直困扰我，在宿舍桌面这样用会不会更难清洗？,6
mock-c88-16,100000000000000000000088,清洗麻烦一直困扰我，在宿舍桌面这样用会不会更难清洗？,7
mock-c88-17,100000000000000000000088,拿取费时一直困扰我，在宿舍桌面这样用会不会更难清洗？,8
mock-c88-18,100000000000000000000088,容易串味一直困扰我，在宿舍桌面这样用会不会更难清洗？,0
mock-c88-19,100000000000000000000088,尺寸不合一直困扰我，在宿舍桌面这样用会不会更难清洗？,1
mock-c88-20,100000000000000000000088,空间不够一直困扰我，在宿舍桌面这样用会不会更难清洗？,2
mock-c88-21,100000000000000000000088,清洗麻烦一直困扰我，在宿舍桌面这样用会不会更难清洗？,3
mock-c88-22,100000000000000000000088,拿取费时一直困扰我，在宿舍桌面这样用会不会更难清洗？,4
mock-c88-23,100000000000000000000088,容易串味一直困扰我，在宿舍桌面这样用会不会更难清洗？,5
mock-c88-24,100000000000000000000088,尺寸不合一直困扰我，在宿舍桌面这样用会不会更难清洗？,6
mock-c88-25,100000000000000000000088,空间不够一直困扰我，在宿舍桌面这样用会不会更难清洗？,7
mock-c88-26,100000000000000000000088,清洗麻烦一直困扰我，在宿舍桌面这样用会不会更难清洗？,8
mock-c88-27,100000000000000000000088,拿取费时一直困扰我，在宿舍桌面这样用会不会更难清洗？,0
mock-c88-28,100000000000000000000088,容易串味一直困扰我，在宿舍桌面这样用会不会更难清洗？,1
mock-c88-29,100000000000000000000088,尺寸不合一直困扰我，在宿舍桌面这样用会不会更难清洗？,2
mock-c88-30,100000000000000000000088,空间不够一直困扰我，在宿舍桌面这样用会不会更难清洗？,3
mock-c88-31,100000000000000000000088,清洗麻烦一直困扰我，在宿舍桌面这样用会不会更难清洗？,4
mock-c88-32,100000000000000000000088,拿取费时一直困扰我，在宿舍桌面这样用会不会更难清洗？,5
mock-c88-33,100000000000000000000088,容易串味一直困扰我，在宿舍桌面这样用会不会更难清洗？,6
mock-c88-34,100000000000000000000088,尺寸不合一直困扰我，在宿舍桌面这样用会不会更难清洗？,7
mock-c88-35,100000000000000000000088,空间不够一直困扰我，在宿舍桌面这样用会不会更难清洗？,8
mock-c88-36,100000000000000000000088,清洗麻烦一直困扰我，在宿舍桌面这样用会不会更难清洗？,0
mock-c88-37,100000000000000000000088,拿取费时一直困扰我，在宿舍桌面这样用会不会更难清洗？,1
mock-c88-38,100000000000000000000088,容易串味一直困扰我，在宿舍桌面这样用会不会更难清洗？,2
mock-c88-39,100000000000000000000088,尺寸不合一直困扰我，在宿舍桌面这样用会不会更难清洗？,3
mock-c88-40,100000000000000000000088,空间不够一直困扰我，在宿舍桌面这样用会不会更难清洗？,4
mock-c88-41,100000000000000000000088,清洗麻烦一直困扰我，在宿舍桌面这样用会不会更难清洗？,5
mock-c88-42,100000000000000000000088,拿取费时一直困扰我，在宿舍桌面这样用会不会更难清洗？,6
mock-c88-43,100000000000000000000088,容易串味一直困扰我，在宿舍桌面这样用会不会更难清洗？,7
mock-c88-44,100000000000000000000088,尺寸不合一直困扰我，在宿舍桌面这样用会不会更难清洗？,8
mock-c88-45,100000000000000000000088,空间不够一直困扰我，在宿舍桌面这样用会不会更难清洗？,0
mock-c88-46,100000000000000000000088,清洗麻烦一直困扰我，在宿舍桌面这样用会不会更难清洗？,1
mock-c88-47,100000000000000000000088,拿取费时一直困扰我，在宿舍桌面这样用会不会更难清洗？,2
mock-c88-48,100000000000000000000088,容易串味一直困扰我，在宿舍桌面这样用会不会更难清洗？,3
mock-c88-49,100000000000000000000088,尺寸不合一直困扰我，在宿舍桌面这样用会不会更难清洗？,4
mock-c88-50,100000000000000000000088,空间不够一直困扰我，在宿舍桌面这样用会不会更难清洗？,5
mock-c88-51,100000000000000000000088,清洗麻烦一直困扰我，在宿舍桌面这样用会不会更难清洗？,6
mock-c88-52,100000000000000000000088,拿取费时一直困扰我，在宿舍桌面这样用会不会更难清洗？,7
mock-c88-53,100000000000000000000088,容易串味一直困扰我，在宿舍桌面这样用会不会更难清洗？,8
mock-c88-54,100000000000000000000088,尺寸不合一直困扰我，在宿舍桌面这样用会不会更难清洗？,0
mock-c88-55,100000000000000000000088,空间不够一直困扰我，在宿舍桌面这样用会不会更难清洗？,1
mock-c88-56,100000000000000000000088,清洗麻烦一直困扰我，在宿舍桌面这样用会不会更难清洗？,2
mock-c88-57,100000000000000000000088,拿取费时一直困扰我，在宿舍桌面这样用会不会更难清洗？,3
mock-c88-58,100000000000000000000088,容易串味一直困扰我，在宿舍桌面这样用会不会更难清洗？,4
mock-c88-59,100000000000000000000088,尺寸不合一直困扰我，在宿舍桌面这样用会不会更难清洗？,5
mock-c88-60,100000000000000000000088,空间不够一直困扰我，在宿舍桌面这样用会不会更难清洗？,6
mock-c88-61,100000000000000000000088,清洗麻烦一直困扰我，在宿舍桌面这样用会不会更难清洗？,7
mock-c88-62,100000000000000000000088,拿取费时一直困扰我，在宿舍桌面这样用会不会更难清洗？,8
mock-c88-63,100000000000000000000088,容易串味一直困扰我，在宿舍桌面这样用会不会更难清洗？,0
mock-c88-64,100000000000000000000088,尺寸不合一直困扰我，在宿舍桌面这样用会不会更难清洗？,1
mock-c88-65,100000000000000000000088,空间不够一直困扰我，在宿舍桌面这样用会不会更难清洗？,2
mock-c88-66,100000000000000000000088,清洗麻烦一直困扰我，在宿舍桌面这样用会不会更难清洗？,3
mock-c88-67,100000000000000000000088,拿取费时一直困扰我，在宿舍桌面这样用会不会更难清洗？,4
mock-c88-68,100000000000000000000088,容易串味一直困扰我，在宿舍桌面这样用会不会更难清洗？,5
mock-c88-69,100000000000000000000088,尺寸不合一直困扰我，在宿舍桌面这样用会不会更难清洗？,6
mock-c88-70,100000000000000000000088,空间不够一直困扰我，在宿舍桌面这样用会不会更难清洗？,7
mock-c88-71,100000000000000000000088,清洗麻烦一直困扰我，在宿舍桌面这样用会不会更难清洗？,8
mock-c88-72,100000000000000000000088,拿取费时一直困扰我，在宿舍桌面这样用会不会更难清洗？,0
mock-c88-73,100000000000000000000088,容易串味一直困扰我，在宿舍桌面这样用会不会更难清洗？,1
mock-c88-74,100000000000000000000088,尺寸不合一直困扰我，在宿舍桌面这样用会不会更难清洗？,2
mock-c88-75,100000000000000000000088,空间不够一直困扰我，在宿舍桌面这样用会不会更难清洗？,3
mock-c88-76,100000000000000000000088,清洗麻烦一直困扰我，在宿舍桌面这样用会不会更难清洗？,4
mock-c88-77,100000000000000000000088,拿取费时一直困扰我，在宿舍桌面这样用会不会更难清洗？,5
mock-c88-78,100000000000000000000088,容易串味一直困扰我，在宿舍桌面这样用会不会更难清洗？,6
mock-c88-79,100000000000000000000088,尺寸不合一直困扰我，在宿舍桌面这样用会不会更难清洗？,7
mock-c88-80,100000000000000000000088,空间不够一直困扰我，在宿舍桌面这样用会不会更难清洗？,8
mock-c88-81,100000000000000000000088,清洗麻烦一直困扰我，在宿舍桌面这样用会不会更难清洗？,0
mock-c88-82,100000000000000000000088,拿取费时一直困扰我，在宿舍桌面这样用会不会更难清洗？,1
mock-c88-83,100000000000000000000088,容易串味一直困扰我，在宿舍桌面这样用会不会更难清洗？,2
mock-c88-84,100000000000000000000088,尺寸不合一直困扰我，在宿舍桌面这样用会不会更难清洗？,3
mock-c88-85,100000000000000000000088,空间不够一直困扰我，在宿舍桌面这样用会不会更难清洗？,4
mock-c88-86,100000000000000000000088,清洗麻烦一直困扰我，在宿舍桌面这样用会不会更难清洗？,5
mock-c88-87,100000000000000000000088,拿取费时一直困扰我，在宿舍桌面这样用会不会更难清洗？,6
mock-c88-88,100000000000000000000088,容易串味一直困扰我，在宿舍桌面这样用会不会更难清洗？,7
mock-c88-89,100000000000000000000088,尺寸不合一直困扰我，在宿舍桌面这样用会不会更难清洗？,8
mock-c88-90,100000000000000000000088,空间不够一直困扰我，在宿舍桌面这样用会不会更难清洗？,0
mock-c88-91,100000000000000000000088,清洗麻烦一直困扰我，在宿舍桌面这样用会不会更难清洗？,1
mock-c88-92,100000000000000000000088,拿取费时一直困扰我，在宿舍桌面这样用会不会更难清洗？,2
mock-c88-93,100000000000000000000088,容易串味一直困扰我，在宿舍桌面这样用会不会更难清洗？,3
mock-c88-94,100000000000000000000088,尺寸不合一直困扰我，在宿舍桌面这样用会不会更难清洗？,4
mock-c88-95,100000000000000000000088,空间不够一直困扰我，在宿舍桌面这样用会不会更难清洗？,5
mock-c88-96,100000000000000000000088,清洗麻烦一直困扰我，在宿舍桌面这样用会不会更难清洗？,6
mock-c88-97,100000000000000000000088,拿取费时一直困扰我，在宿舍桌面这样用会不会更难清洗？,7
mock-c88-98,100000000000000000000088,容易串味一直困扰我，在宿舍桌面这样用会不会更难清洗？,8
mock-c88-99,100000000000000000000088,尺寸不合一直困扰我，在宿舍桌面这样用会不会更难清洗？,0
mock-c95-0,100000000000000000000095,空间不够一直困扰我，在租房厨房这样用会不会更难清洗？,0
mock-c95-1,100000000000000000000095,清洗麻烦一直困扰我，在租房厨房这样用会不会更难清洗？,1
mock-c95-2,100000000000000000000095,拿取费时一直困扰我，在租房厨房这样用会不会更难清洗？,2
mock-c95-3,100000000000000000000095,容易串味一直困扰我，在租房厨房这样用会不会更难清洗？,3
mock-c95-4,100000000000000000000095,尺寸不合一直困扰我，在租房厨房这样用会不会更难清洗？,4
mock-c95-5,100000000000000000000095,空间不够一直困扰我，在租房厨房这样用会不会更难清洗？,5
mock-c95-6,100000000000000000000095,清洗麻烦一直困扰我，在租房厨房这样用会不会更难清洗？,6
mock-c95-7,100000000000000000000095,拿取费时一直困扰我，在租房厨房这样用会不会更难清洗？,7
mock-c95-8,100000000000000000000095,容易串味一直困扰我，在租房厨房这样用会不会更难清洗？,8
mock-c95-9,100000000000000000000095,尺寸不合一直困扰我，在租房厨房这样用会不会更难清洗？,0
mock-c95-10,100000000000000000000095,空间不够一直困扰我，在租房厨房这样用会不会更难清洗？,1
mock-c95-11,100000000000000000000095,清洗麻烦一直困扰我，在租房厨房这样用会不会更难清洗？,2
mock-c95-12,100000000000000000000095,拿取费时一直困扰我，在租房厨房这样用会不会更难清洗？,3
mock-c95-13,100000000000000000000095,容易串味一直困扰我，在租房厨房这样用会不会更难清洗？,4
mock-c95-14,100000000000000000000095,尺寸不合一直困扰我，在租房厨房这样用会不会更难清洗？,5
mock-c95-15,100000000000000000000095,空间不够一直困扰我，在租房厨房这样用会不会更难清洗？,6
mock-c95-16,100000000000000000000095,清洗麻烦一直困扰我，在租房厨房这样用会不会更难清洗？,7
mock-c95-17,100000000000000000000095,拿取费时一直困扰我，在租房厨房这样用会不会更难清洗？,8
mock-c95-18,100000000000000000000095,容易串味一直困扰我，在租房厨房这样用会不会更难清洗？,0
mock-c95-19,100000000000000000000095,尺寸不合一直困扰我，在租房厨房这样用会不会更难清洗？,1
mock-c95-20,100000000000000000000095,空间不够一直困扰我，在租房厨房这样用会不会更难清洗？,2
mock-c95-21,100000000000000000000095,清洗麻烦一直困扰我，在租房厨房这样用会不会更难清洗？,3
mock-c95-22,100000000000000000000095,拿取费时一直困扰我，在租房厨房这样用会不会更难清洗？,4
mock-c95-23,100000000000000000000095,容易串味一直困扰我，在租房厨房这样用会不会更难清洗？,5
mock-c95-24,100000000000000000000095,尺寸不合一直困扰我，在租房厨房这样用会不会更难清洗？,6
mock-c95-25,100000000000000000000095,空间不够一直困扰我，在租房厨房这样用会不会更难清洗？,7
mock-c95-26,100000000000000000000095,清洗麻烦一直困扰我，在租房厨房这样用会不会更难清洗？,8
mock-c95-27,100000000000000000000095,拿取费时一直困扰我，在租房厨房这样用会不会更难清洗？,0
mock-c95-28,100000000000000000000095,容易串味一直困扰我，在租房厨房这样用会不会更难清洗？,1
mock-c95-29,100000000000000000000095,尺寸不合一直困扰我，在租房厨房这样用会不会更难清洗？,2
mock-c95-30,100000000000000000000095,空间不够一直困扰我，在租房厨房这样用会不会更难清洗？,3
mock-c95-31,100000000000000000000095,清洗麻烦一直困扰我，在租房厨房这样用会不会更难清洗？,4
mock-c95-32,100000000000000000000095,拿取费时一直困扰我，在租房厨房这样用会不会更难清洗？,5
mock-c95-33,100000000000000000000095,容易串味一直困扰我，在租房厨房这样用会不会更难清洗？,6
mock-c95-34,100000000000000000000095,尺寸不合一直困扰我，在租房厨房这样用会不会更难清洗？,7
mock-c95-35,100000000000000000000095,空间不够一直困扰我，在租房厨房这样用会不会更难清洗？,8
mock-c95-36,100000000000000000000095,清洗麻烦一直困扰我，在租房厨房这样用会不会更难清洗？,0
mock-c95-37,100000000000000000000095,拿取费时一直困扰我，在租房厨房这样用会不会更难清洗？,1
mock-c95-38,100000000000000000000095,容易串味一直困扰我，在租房厨房这样用会不会更难清洗？,2
mock-c95-39,100000000000000000000095,尺寸不合一直困扰我，在租房厨房这样用会不会更难清洗？,3
mock-c95-40,100000000000000000000095,空间不够一直困扰我，在租房厨房这样用会不会更难清洗？,4
mock-c95-41,100000000000000000000095,清洗麻烦一直困扰我，在租房厨房这样用会不会更难清洗？,5
mock-c95-42,100000000000000000000095,拿取费时一直困扰我，在租房厨房这样用会不会更难清洗？,6
mock-c95-43,100000000000000000000095,容易串味一直困扰我，在租房厨房这样用会不会更难清洗？,7
mock-c95-44,100000000000000000000095,尺寸不合一直困扰我，在租房厨房这样用会不会更难清洗？,8
mock-c95-45,100000000000000000000095,空间不够一直困扰我，在租房厨房这样用会不会更难清洗？,0
mock-c95-46,100000000000000000000095,清洗麻烦一直困扰我，在租房厨房这样用会不会更难清洗？,1
mock-c95-47,100000000000000000000095,拿取费时一直困扰我，在租房厨房这样用会不会更难清洗？,2
mock-c95-48,100000000000000000000095,容易串味一直困扰我，在租房厨房这样用会不会更难清洗？,3
mock-c95-49,100000000000000000000095,尺寸不合一直困扰我，在租房厨房这样用会不会更难清洗？,4
mock-c95-50,100000000000000000000095,空间不够一直困扰我，在租房厨房这样用会不会更难清洗？,5
mock-c95-51,100000000000000000000095,清洗麻烦一直困扰我，在租房厨房这样用会不会更难清洗？,6
mock-c95-52,100000000000000000000095,拿取费时一直困扰我，在租房厨房这样用会不会更难清洗？,7
mock-c95-53,100000000000000000000095,容易串味一直困扰我，在租房厨房这样用会不会更难清洗？,8
mock-c95-54,100000000000000000000095,尺寸不合一直困扰我，在租房厨房这样用会不会更难清洗？,0
mock-c95-55,100000000000000000000095,空间不够一直困扰我，在租房厨房这样用会不会更难清洗？,1
mock-c95-56,100000000000000000000095,清洗麻烦一直困扰我，在租房厨房这样用会不会更难清洗？,2
mock-c95-57,100000000000000000000095,拿取费时一直困扰我，在租房厨房这样用会不会更难清洗？,3
mock-c95-58,100000000000000000000095,容易串味一直困扰我，在租房厨房这样用会不会更难清洗？,4
mock-c95-59,100000000000000000000095,尺寸不合一直困扰我，在租房厨房这样用会不会更难清洗？,5
mock-c95-60,100000000000000000000095,空间不够一直困扰我，在租房厨房这样用会不会更难清洗？,6
mock-c95-61,100000000000000000000095,清洗麻烦一直困扰我，在租房厨房这样用会不会更难清洗？,7
mock-c95-62,100000000000000000000095,拿取费时一直困扰我，在租房厨房这样用会不会更难清洗？,8
mock-c95-63,100000000000000000000095,容易串味一直困扰我，在租房厨房这样用会不会更难清洗？,0
mock-c95-64,100000000000000000000095,尺寸不合一直困扰我，在租房厨房这样用会不会更难清洗？,1
mock-c95-65,100000000000000000000095,空间不够一直困扰我，在租房厨房这样用会不会更难清洗？,2
mock-c95-66,100000000000000000000095,清洗麻烦一直困扰我，在租房厨房这样用会不会更难清洗？,3
mock-c95-67,100000000000000000000095,拿取费时一直困扰我，在租房厨房这样用会不会更难清洗？,4
mock-c95-68,100000000000000000000095,容易串味一直困扰我，在租房厨房这样用会不会更难清洗？,5
mock-c95-69,100000000000000000000095,尺寸不合一直困扰我，在租房厨房这样用会不会更难清洗？,6
mock-c95-70,100000000000000000000095,空间不够一直困扰我，在租房厨房这样用会不会更难清洗？,7
mock-c95-71,100000000000000000000095,清洗麻烦一直困扰我，在租房厨房这样用会不会更难清洗？,8
mock-c95-72,100000000000000000000095,拿取费时一直困扰我，在租房厨房这样用会不会更难清洗？,0
mock-c95-73,100000000000000000000095,容易串味一直困扰我，在租房厨房这样用会不会更难清洗？,1
mock-c95-74,100000000000000000000095,尺寸不合一直困扰我，在租房厨房这样用会不会更难清洗？,2
mock-c95-75,100000000000000000000095,空间不够一直困扰我，在租房厨房这样用会不会更难清洗？,3
mock-c95-76,100000000000000000000095,清洗麻烦一直困扰我，在租房厨房这样用会不会更难清洗？,4
mock-c95-77,100000000000000000000095,拿取费时一直困扰我，在租房厨房这样用会不会更难清洗？,5
mock-c95-78,100000000000000000000095,容易串味一直困扰我，在租房厨房这样用会不会更难清洗？,6
mock-c95-79,100000000000000000000095,尺寸不合一直困扰我，在租房厨房这样用会不会更难清洗？,7
mock-c95-80,100000000000000000000095,空间不够一直困扰我，在租房厨房这样用会不会更难清洗？,8
mock-c95-81,100000000000000000000095,清洗麻烦一直困扰我，在租房厨房这样用会不会更难清洗？,0
mock-c95-82,100000000000000000000095,拿取费时一直困扰我，在租房厨房这样用会不会更难清洗？,1
mock-c95-83,100000000000000000000095,容易串味一直困扰我，在租房厨房这样用会不会更难清洗？,2
mock-c95-84,100000000000000000000095,尺寸不合一直困扰我，在租房厨房这样用会不会更难清洗？,3
mock-c95-85,100000000000000000000095,空间不够一直困扰我，在租房厨房这样用会不会更难清洗？,4
mock-c95-86,100000000000000000000095,清洗麻烦一直困扰我，在租房厨房这样用会不会更难清洗？,5
mock-c95-87,100000000000000000000095,拿取费时一直困扰我，在租房厨房这样用会不会更难清洗？,6
mock-c95-88,100000000000000000000095,容易串味一直困扰我，在租房厨房这样用会不会更难清洗？,7
mock-c95-89,100000000000000000000095,尺寸不合一直困扰我，在租房厨房这样用会不会更难清洗？,8
mock-c95-90,100000000000000000000095,空间不够一直困扰我，在租房厨房这样用会不会更难清洗？,0
mock-c95-91,100000000000000000000095,清洗麻烦一直困扰我，在租房厨房这样用会不会更难清洗？,1
mock-c95-92,100000000000000000000095,拿取费时一直困扰我，在租房厨房这样用会不会更难清洗？,2
mock-c95-93,100000000000000000000095,容易串味一直困扰我，在租房厨房这样用会不会更难清洗？,3
mock-c95-94,100000000000000000000095,尺寸不合一直困扰我，在租房厨房这样用会不会更难清洗？,4
mock-c95-95,100000000000000000000095,空间不够一直困扰我，在租房厨房这样用会不会更难清洗？,5
mock-c95-96,100000000000000000000095,清洗麻烦一直困扰我，在租房厨房这样用会不会更难清洗？,6
mock-c95-97,100000000000000000000095,拿取费时一直困扰我，在租房厨房这样用会不会更难清洗？,7
mock-c95-98,100000000000000000000095,容易串味一直困扰我，在租房厨房这样用会不会更难清洗？,8
mock-c95-99,100000000000000000000095,尺寸不合一直困扰我，在租房厨房这样用会不会更难清洗？,0
mock-c87-0,100000000000000000000087,空间不够一直困扰我，在周末备餐这样用会不会更难清洗？,0
mock-c87-1,100000000000000000000087,清洗麻烦一直困扰我，在周末备餐这样用会不会更难清洗？,1
mock-c87-2,100000000000000000000087,拿取费时一直困扰我，在周末备餐这样用会不会更难清洗？,2
mock-c87-3,100000000000000000000087,容易串味一直困扰我，在周末备餐这样用会不会更难清洗？,3
mock-c87-4,100000000000000000000087,尺寸不合一直困扰我，在周末备餐这样用会不会更难清洗？,4
mock-c87-5,100000000000000000000087,空间不够一直困扰我，在周末备餐这样用会不会更难清洗？,5
mock-c87-6,100000000000000000000087,清洗麻烦一直困扰我，在周末备餐这样用会不会更难清洗？,6
mock-c87-7,100000000000000000000087,拿取费时一直困扰我，在周末备餐这样用会不会更难清洗？,7
mock-c87-8,100000000000000000000087,容易串味一直困扰我，在周末备餐这样用会不会更难清洗？,8
mock-c87-9,100000000000000000000087,尺寸不合一直困扰我，在周末备餐这样用会不会更难清洗？,0
mock-c87-10,100000000000000000000087,空间不够一直困扰我，在周末备餐这样用会不会更难清洗？,1
mock-c87-11,100000000000000000000087,清洗麻烦一直困扰我，在周末备餐这样用会不会更难清洗？,2
mock-c87-12,100000000000000000000087,拿取费时一直困扰我，在周末备餐这样用会不会更难清洗？,3
mock-c87-13,100000000000000000000087,容易串味一直困扰我，在周末备餐这样用会不会更难清洗？,4
mock-c87-14,100000000000000000000087,尺寸不合一直困扰我，在周末备餐这样用会不会更难清洗？,5
mock-c87-15,100000000000000000000087,空间不够一直困扰我，在周末备餐这样用会不会更难清洗？,6
mock-c87-16,100000000000000000000087,清洗麻烦一直困扰我，在周末备餐这样用会不会更难清洗？,7
mock-c87-17,100000000000000000000087,拿取费时一直困扰我，在周末备餐这样用会不会更难清洗？,8
mock-c87-18,100000000000000000000087,容易串味一直困扰我，在周末备餐这样用会不会更难清洗？,0
mock-c87-19,100000000000000000000087,尺寸不合一直困扰我，在周末备餐这样用会不会更难清洗？,1
mock-c87-20,100000000000000000000087,空间不够一直困扰我，在周末备餐这样用会不会更难清洗？,2
mock-c87-21,100000000000000000000087,清洗麻烦一直困扰我，在周末备餐这样用会不会更难清洗？,3
mock-c87-22,100000000000000000000087,拿取费时一直困扰我，在周末备餐这样用会不会更难清洗？,4
mock-c87-23,100000000000000000000087,容易串味一直困扰我，在周末备餐这样用会不会更难清洗？,5
mock-c87-24,100000000000000000000087,尺寸不合一直困扰我，在周末备餐这样用会不会更难清洗？,6
mock-c87-25,100000000000000000000087,空间不够一直困扰我，在周末备餐这样用会不会更难清洗？,7
mock-c87-26,100000000000000000000087,清洗麻烦一直困扰我，在周末备餐这样用会不会更难清洗？,8
mock-c87-27,100000000000000000000087,拿取费时一直困扰我，在周末备餐这样用会不会更难清洗？,0
mock-c87-28,100000000000000000000087,容易串味一直困扰我，在周末备餐这样用会不会更难清洗？,1
mock-c87-29,100000000000000000000087,尺寸不合一直困扰我，在周末备餐这样用会不会更难清洗？,2
mock-c87-30,100000000000000000000087,空间不够一直困扰我，在周末备餐这样用会不会更难清洗？,3
mock-c87-31,100000000000000000000087,清洗麻烦一直困扰我，在周末备餐这样用会不会更难清洗？,4
mock-c87-32,100000000000000000000087,拿取费时一直困扰我，在周末备餐这样用会不会更难清洗？,5
mock-c87-33,100000000000000000000087,容易串味一直困扰我，在周末备餐这样用会不会更难清洗？,6
mock-c87-34,100000000000000000000087,尺寸不合一直困扰我，在周末备餐这样用会不会更难清洗？,7
mock-c87-35,100000000000000000000087,空间不够一直困扰我，在周末备餐这样用会不会更难清洗？,8
mock-c87-36,100000000000000000000087,清洗麻烦一直困扰我，在周末备餐这样用会不会更难清洗？,0
mock-c87-37,100000000000000000000087,拿取费时一直困扰我，在周末备餐这样用会不会更难清洗？,1
mock-c87-38,100000000000000000000087,容易串味一直困扰我，在周末备餐这样用会不会更难清洗？,2
mock-c87-39,100000000000000000000087,尺寸不合一直困扰我，在周末备餐这样用会不会更难清洗？,3
mock-c87-40,100000000000000000000087,空间不够一直困扰我，在周末备餐这样用会不会更难清洗？,4
mock-c87-41,100000000000000000000087,清洗麻烦一直困扰我，在周末备餐这样用会不会更难清洗？,5
mock-c87-42,100000000000000000000087,拿取费时一直困扰我，在周末备餐这样用会不会更难清洗？,6
mock-c87-43,100000000000000000000087,容易串味一直困扰我，在周末备餐这样用会不会更难清洗？,7
mock-c87-44,100000000000000000000087,尺寸不合一直困扰我，在周末备餐这样用会不会更难清洗？,8
mock-c87-45,100000000000000000000087,空间不够一直困扰我，在周末备餐这样用会不会更难清洗？,0
mock-c87-46,100000000000000000000087,清洗麻烦一直困扰我，在周末备餐这样用会不会更难清洗？,1
mock-c87-47,100000000000000000000087,拿取费时一直困扰我，在周末备餐这样用会不会更难清洗？,2
mock-c87-48,100000000000000000000087,容易串味一直困扰我，在周末备餐这样用会不会更难清洗？,3
mock-c87-49,100000000000000000000087,尺寸不合一直困扰我，在周末备餐这样用会不会更难清洗？,4
mock-c87-50,100000000000000000000087,空间不够一直困扰我，在周末备餐这样用会不会更难清洗？,5
mock-c87-51,100000000000000000000087,清洗麻烦一直困扰我，在周末备餐这样用会不会更难清洗？,6
mock-c87-52,100000000000000000000087,拿取费时一直困扰我，在周末备餐这样用会不会更难清洗？,7
mock-c87-53,100000000000000000000087,容易串味一直困扰我，在周末备餐这样用会不会更难清洗？,8
mock-c87-54,100000000000000000000087,尺寸不合一直困扰我，在周末备餐这样用会不会更难清洗？,0
mock-c87-55,100000000000000000000087,空间不够一直困扰我，在周末备餐这样用会不会更难清洗？,1
mock-c87-56,100000000000000000000087,清洗麻烦一直困扰我，在周末备餐这样用会不会更难清洗？,2
mock-c87-57,100000000000000000000087,拿取费时一直困扰我，在周末备餐这样用会不会更难清洗？,3
mock-c87-58,100000000000000000000087,容易串味一直困扰我，在周末备餐这样用会不会更难清洗？,4
mock-c87-59,100000000000000000000087,尺寸不合一直困扰我，在周末备餐这样用会不会更难清洗？,5
mock-c87-60,100000000000000000000087,空间不够一直困扰我，在周末备餐这样用会不会更难清洗？,6
mock-c87-61,100000000000000000000087,清洗麻烦一直困扰我，在周末备餐这样用会不会更难清洗？,7
mock-c87-62,100000000000000000000087,拿取费时一直困扰我，在周末备餐这样用会不会更难清洗？,8
mock-c87-63,100000000000000000000087,容易串味一直困扰我，在周末备餐这样用会不会更难清洗？,0
mock-c87-64,100000000000000000000087,尺寸不合一直困扰我，在周末备餐这样用会不会更难清洗？,1
mock-c87-65,100000000000000000000087,空间不够一直困扰我，在周末备餐这样用会不会更难清洗？,2
mock-c87-66,100000000000000000000087,清洗麻烦一直困扰我，在周末备餐这样用会不会更难清洗？,3
mock-c87-67,100000000000000000000087,拿取费时一直困扰我，在周末备餐这样用会不会更难清洗？,4
mock-c87-68,100000000000000000000087,容易串味一直困扰我，在周末备餐这样用会不会更难清洗？,5
mock-c87-69,100000000000000000000087,尺寸不合一直困扰我，在周末备餐这样用会不会更难清洗？,6
mock-c87-70,100000000000000000000087,空间不够一直困扰我，在周末备餐这样用会不会更难清洗？,7
mock-c87-71,100000000000000000000087,清洗麻烦一直困扰我，在周末备餐这样用会不会更难清洗？,8
mock-c87-72,100000000000000000000087,拿取费时一直困扰我，在周末备餐这样用会不会更难清洗？,0
mock-c87-73,100000000000000000000087,容易串味一直困扰我，在周末备餐这样用会不会更难清洗？,1
mock-c87-74,100000000000000000000087,尺寸不合一直困扰我，在周末备餐这样用会不会更难清洗？,2
mock-c87-75,100000000000000000000087,空间不够一直困扰我，在周末备餐这样用会不会更难清洗？,3
mock-c87-76,100000000000000000000087,清洗麻烦一直困扰我，在周末备餐这样用会不会更难清洗？,4
mock-c87-77,100000000000000000000087,拿取费时一直困扰我，在周末备餐这样用会不会更难清洗？,5
mock-c87-78,100000000000000000000087,容易串味一直困扰我，在周末备餐这样用会不会更难清洗？,6
mock-c87-79,100000000000000000000087,尺寸不合一直困扰我，在周末备餐这样用会不会更难清洗？,7
mock-c87-80,100000000000000000000087,空间不够一直困扰我，在周末备餐这样用会不会更难清洗？,8
mock-c87-81,100000000000000000000087,清洗麻烦一直困扰我，在周末备餐这样用会不会更难清洗？,0
mock-c87-82,100000000000000000000087,拿取费时一直困扰我，在周末备餐这样用会不会更难清洗？,1
mock-c87-83,100000000000000000000087,容易串味一直困扰我，在周末备餐这样用会不会更难清洗？,2
mock-c87-84,100000000000000000000087,尺寸不合一直困扰我，在周末备餐这样用会不会更难清洗？,3
mock-c87-85,100000000000000000000087,空间不够一直困扰我，在周末备餐这样用会不会更难清洗？,4
mock-c87-86,100000000000000000000087,清洗麻烦一直困扰我，在周末备餐这样用会不会更难清洗？,5
mock-c87-87,100000000000000000000087,拿取费时一直困扰我，在周末备餐这样用会不会更难清洗？,6
mock-c87-88,100000000000000000000087,容易串味一直困扰我，在周末备餐这样用会不会更难清洗？,7
mock-c87-89,100000000000000000000087,尺寸不合一直困扰我，在周末备餐这样用会不会更难清洗？,8
mock-c87-90,100000000000000000000087,空间不够一直困扰我，在周末备餐这样用会不会更难清洗？,0
mock-c87-91,100000000000000000000087,清洗麻烦一直困扰我，在周末备餐这样用会不会更难清洗？,1
mock-c87-92,100000000000000000000087,拿取费时一直困扰我，在周末备餐这样用会不会更难清洗？,2
mock-c87-93,100000000000000000000087,容易串味一直困扰我，在周末备餐这样用会不会更难清洗？,3
mock-c87-94,100000000000000000000087,尺寸不合一直困扰我，在周末备餐这样用会不会更难清洗？,4
mock-c87-95,100000000000000000000087,空间不够一直困扰我，在周末备餐这样用会不会更难清洗？,5
mock-c87-96,100000000000000000000087,清洗麻烦一直困扰我，在周末备餐这样用会不会更难清洗？,6
mock-c87-97,100000000000000000000087,拿取费时一直困扰我，在周末备餐这样用会不会更难清洗？,7
mock-c87-98,100000000000000000000087,容易串味一直困扰我，在周末备餐这样用会不会更难清洗？,8
mock-c87-99,100000000000000000000087,尺寸不合一直困扰我，在周末备餐这样用会不会更难清洗？,0
mock-c94-0,100000000000000000000094,空间不够一直困扰我，在小户型冰箱这样用会不会更难清洗？,0
mock-c94-1,100000000000000000000094,清洗麻烦一直困扰我，在小户型冰箱这样用会不会更难清洗？,1
mock-c94-2,100000000000000000000094,拿取费时一直困扰我，在小户型冰箱这样用会不会更难清洗？,2
mock-c94-3,100000000000000000000094,容易串味一直困扰我，在小户型冰箱这样用会不会更难清洗？,3
mock-c94-4,100000000000000000000094,尺寸不合一直困扰我，在小户型冰箱这样用会不会更难清洗？,4
mock-c94-5,100000000000000000000094,空间不够一直困扰我，在小户型冰箱这样用会不会更难清洗？,5
mock-c94-6,100000000000000000000094,清洗麻烦一直困扰我，在小户型冰箱这样用会不会更难清洗？,6
mock-c94-7,100000000000000000000094,拿取费时一直困扰我，在小户型冰箱这样用会不会更难清洗？,7
mock-c94-8,100000000000000000000094,容易串味一直困扰我，在小户型冰箱这样用会不会更难清洗？,8
mock-c94-9,100000000000000000000094,尺寸不合一直困扰我，在小户型冰箱这样用会不会更难清洗？,0
mock-c94-10,100000000000000000000094,空间不够一直困扰我，在小户型冰箱这样用会不会更难清洗？,1
mock-c94-11,100000000000000000000094,清洗麻烦一直困扰我，在小户型冰箱这样用会不会更难清洗？,2
mock-c94-12,100000000000000000000094,拿取费时一直困扰我，在小户型冰箱这样用会不会更难清洗？,3
mock-c94-13,100000000000000000000094,容易串味一直困扰我，在小户型冰箱这样用会不会更难清洗？,4
mock-c94-14,100000000000000000000094,尺寸不合一直困扰我，在小户型冰箱这样用会不会更难清洗？,5
mock-c94-15,100000000000000000000094,空间不够一直困扰我，在小户型冰箱这样用会不会更难清洗？,6
mock-c94-16,100000000000000000000094,清洗麻烦一直困扰我，在小户型冰箱这样用会不会更难清洗？,7
mock-c94-17,100000000000000000000094,拿取费时一直困扰我，在小户型冰箱这样用会不会更难清洗？,8
mock-c94-18,100000000000000000000094,容易串味一直困扰我，在小户型冰箱这样用会不会更难清洗？,0
mock-c94-19,100000000000000000000094,尺寸不合一直困扰我，在小户型冰箱这样用会不会更难清洗？,1
mock-c94-20,100000000000000000000094,空间不够一直困扰我，在小户型冰箱这样用会不会更难清洗？,2
mock-c94-21,100000000000000000000094,清洗麻烦一直困扰我，在小户型冰箱这样用会不会更难清洗？,3
mock-c94-22,100000000000000000000094,拿取费时一直困扰我，在小户型冰箱这样用会不会更难清洗？,4
mock-c94-23,100000000000000000000094,容易串味一直困扰我，在小户型冰箱这样用会不会更难清洗？,5
mock-c94-24,100000000000000000000094,尺寸不合一直困扰我，在小户型冰箱这样用会不会更难清洗？,6
mock-c94-25,100000000000000000000094,空间不够一直困扰我，在小户型冰箱这样用会不会更难清洗？,7
mock-c94-26,100000000000000000000094,清洗麻烦一直困扰我，在小户型冰箱这样用会不会更难清洗？,8
mock-c94-27,100000000000000000000094,拿取费时一直困扰我，在小户型冰箱这样用会不会更难清洗？,0
mock-c94-28,100000000000000000000094,容易串味一直困扰我，在小户型冰箱这样用会不会更难清洗？,1
mock-c94-29,100000000000000000000094,尺寸不合一直困扰我，在小户型冰箱这样用会不会更难清洗？,2
mock-c94-30,100000000000000000000094,空间不够一直困扰我，在小户型冰箱这样用会不会更难清洗？,3
mock-c94-31,100000000000000000000094,清洗麻烦一直困扰我，在小户型冰箱这样用会不会更难清洗？,4
mock-c94-32,100000000000000000000094,拿取费时一直困扰我，在小户型冰箱这样用会不会更难清洗？,5
mock-c94-33,100000000000000000000094,容易串味一直困扰我，在小户型冰箱这样用会不会更难清洗？,6
mock-c94-34,100000000000000000000094,尺寸不合一直困扰我，在小户型冰箱这样用会不会更难清洗？,7
mock-c94-35,100000000000000000000094,空间不够一直困扰我，在小户型冰箱这样用会不会更难清洗？,8
mock-c94-36,100000000000000000000094,清洗麻烦一直困扰我，在小户型冰箱这样用会不会更难清洗？,0
mock-c94-37,100000000000000000000094,拿取费时一直困扰我，在小户型冰箱这样用会不会更难清洗？,1
mock-c94-38,100000000000000000000094,容易串味一直困扰我，在小户型冰箱这样用会不会更难清洗？,2
mock-c94-39,100000000000000000000094,尺寸不合一直困扰我，在小户型冰箱这样用会不会更难清洗？,3
mock-c94-40,100000000000000000000094,空间不够一直困扰我，在小户型冰箱这样用会不会更难清洗？,4
mock-c94-41,100000000000000000000094,清洗麻烦一直困扰我，在小户型冰箱这样用会不会更难清洗？,5
mock-c94-42,100000000000000000000094,拿取费时一直困扰我，在小户型冰箱这样用会不会更难清洗？,6
mock-c94-43,100000000000000000000094,容易串味一直困扰我，在小户型冰箱这样用会不会更难清洗？,7
mock-c94-44,100000000000000000000094,尺寸不合一直困扰我，在小户型冰箱这样用会不会更难清洗？,8
mock-c94-45,100000000000000000000094,空间不够一直困扰我，在小户型冰箱这样用会不会更难清洗？,0
mock-c94-46,100000000000000000000094,清洗麻烦一直困扰我，在小户型冰箱这样用会不会更难清洗？,1
mock-c94-47,100000000000000000000094,拿取费时一直困扰我，在小户型冰箱这样用会不会更难清洗？,2
mock-c94-48,100000000000000000000094,容易串味一直困扰我，在小户型冰箱这样用会不会更难清洗？,3
mock-c94-49,100000000000000000000094,尺寸不合一直困扰我，在小户型冰箱这样用会不会更难清洗？,4
mock-c94-50,100000000000000000000094,空间不够一直困扰我，在小户型冰箱这样用会不会更难清洗？,5
mock-c94-51,100000000000000000000094,清洗麻烦一直困扰我，在小户型冰箱这样用会不会更难清洗？,6
mock-c94-52,100000000000000000000094,拿取费时一直困扰我，在小户型冰箱这样用会不会更难清洗？,7
mock-c94-53,100000000000000000000094,容易串味一直困扰我，在小户型冰箱这样用会不会更难清洗？,8
mock-c94-54,100000000000000000000094,尺寸不合一直困扰我，在小户型冰箱这样用会不会更难清洗？,0
mock-c94-55,100000000000000000000094,空间不够一直困扰我，在小户型冰箱这样用会不会更难清洗？,1
mock-c94-56,100000000000000000000094,清洗麻烦一直困扰我，在小户型冰箱这样用会不会更难清洗？,2
mock-c94-57,100000000000000000000094,拿取费时一直困扰我，在小户型冰箱这样用会不会更难清洗？,3
mock-c94-58,100000000000000000000094,容易串味一直困扰我，在小户型冰箱这样用会不会更难清洗？,4
mock-c94-59,100000000000000000000094,尺寸不合一直困扰我，在小户型冰箱这样用会不会更难清洗？,5
mock-c94-60,100000000000000000000094,空间不够一直困扰我，在小户型冰箱这样用会不会更难清洗？,6
mock-c94-61,100000000000000000000094,清洗麻烦一直困扰我，在小户型冰箱这样用会不会更难清洗？,7
mock-c94-62,100000000000000000000094,拿取费时一直困扰我，在小户型冰箱这样用会不会更难清洗？,8
mock-c94-63,100000000000000000000094,容易串味一直困扰我，在小户型冰箱这样用会不会更难清洗？,0
mock-c94-64,100000000000000000000094,尺寸不合一直困扰我，在小户型冰箱这样用会不会更难清洗？,1
mock-c94-65,100000000000000000000094,空间不够一直困扰我，在小户型冰箱这样用会不会更难清洗？,2
mock-c94-66,100000000000000000000094,清洗麻烦一直困扰我，在小户型冰箱这样用会不会更难清洗？,3
mock-c94-67,100000000000000000000094,拿取费时一直困扰我，在小户型冰箱这样用会不会更难清洗？,4
mock-c94-68,100000000000000000000094,容易串味一直困扰我，在小户型冰箱这样用会不会更难清洗？,5
mock-c94-69,100000000000000000000094,尺寸不合一直困扰我，在小户型冰箱这样用会不会更难清洗？,6
mock-c94-70,100000000000000000000094,空间不够一直困扰我，在小户型冰箱这样用会不会更难清洗？,7
mock-c94-71,100000000000000000000094,清洗麻烦一直困扰我，在小户型冰箱这样用会不会更难清洗？,8
mock-c94-72,100000000000000000000094,拿取费时一直困扰我，在小户型冰箱这样用会不会更难清洗？,0
mock-c94-73,100000000000000000000094,容易串味一直困扰我，在小户型冰箱这样用会不会更难清洗？,1
mock-c94-74,100000000000000000000094,尺寸不合一直困扰我，在小户型冰箱这样用会不会更难清洗？,2
mock-c94-75,100000000000000000000094,空间不够一直困扰我，在小户型冰箱这样用会不会更难清洗？,3
mock-c94-76,100000000000000000000094,清洗麻烦一直困扰我，在小户型冰箱这样用会不会更难清洗？,4
mock-c94-77,100000000000000000000094,拿取费时一直困扰我，在小户型冰箱这样用会不会更难清洗？,5
mock-c94-78,100000000000000000000094,容易串味一直困扰我，在小户型冰箱这样用会不会更难清洗？,6
mock-c94-79,100000000000000000000094,尺寸不合一直困扰我，在小户型冰箱这样用会不会更难清洗？,7
mock-c94-80,100000000000000000000094,空间不够一直困扰我，在小户型冰箱这样用会不会更难清洗？,8
mock-c94-81,100000000000000000000094,清洗麻烦一直困扰我，在小户型冰箱这样用会不会更难清洗？,0
mock-c94-82,100000000000000000000094,拿取费时一直困扰我，在小户型冰箱这样用会不会更难清洗？,1
mock-c94-83,100000000000000000000094,容易串味一直困扰我，在小户型冰箱这样用会不会更难清洗？,2
mock-c94-84,100000000000000000000094,尺寸不合一直困扰我，在小户型冰箱这样用会不会更难清洗？,3
mock-c94-85,100000000000000000000094,空间不够一直困扰我，在小户型冰箱这样用会不会更难清洗？,4
mock-c94-86,100000000000000000000094,清洗麻烦一直困扰我，在小户型冰箱这样用会不会更难清洗？,5
mock-c94-87,100000000000000000000094,拿取费时一直困扰我，在小户型冰箱这样用会不会更难清洗？,6
mock-c94-88,100000000000000000000094,容易串味一直困扰我，在小户型冰箱这样用会不会更难清洗？,7
mock-c94-89,100000000000000000000094,尺寸不合一直困扰我，在小户型冰箱这样用会不会更难清洗？,8
mock-c94-90,100000000000000000000094,空间不够一直困扰我，在小户型冰箱这样用会不会更难清洗？,0
mock-c94-91,100000000000000000000094,清洗麻烦一直困扰我，在小户型冰箱这样用会不会更难清洗？,1
mock-c94-92,100000000000000000000094,拿取费时一直困扰我，在小户型冰箱这样用会不会更难清洗？,2
mock-c94-93,100000000000000000000094,容易串味一直困扰我，在小户型冰箱这样用会不会更难清洗？,3
mock-c94-94,100000000000000000000094,尺寸不合一直困扰我，在小户型冰箱这样用会不会更难清洗？,4
mock-c94-95,100000000000000000000094,空间不够一直困扰我，在小户型冰箱这样用会不会更难清洗？,5
mock-c94-96,100000000000000000000094,清洗麻烦一直困扰我，在小户型冰箱这样用会不会更难清洗？,6
mock-c94-97,100000000000000000000094,拿取费时一直困扰我，在小户型冰箱这样用会不会更难清洗？,7
mock-c94-98,100000000000000000000094,容易串味一直困扰我，在小户型冰箱这样用会不会更难清洗？,8
mock-c94-99,100000000000000000000094,尺寸不合一直困扰我，在小户型冰箱这样用会不会更难清洗？,0
