note_id,product_id,claim,claim_type,confidence,evidence_ids
100000000000000000000000,mock-p0,数据源明确关联的内容与商品；不代表购买或成交。,FACT,1.0,"[""note:100000000000000000000000"", ""product:mock-p0""]"
100000000000000000000001,mock-p1,数据源明确关联的内容与商品；不代表购买或成交。,FACT,1.0,"[""note:100000000000000000000001"", ""product:mock-p1""]"
100000000000000000000002,mock-p2,数据源明确关联的内容与商品；不代表购买或成交。,FACT,1.0,"[""note:100000000000000000000002"", ""product:mock-p2""]"
100000000000000000000003,mock-p0,数据源明确关联的内容与商品；不代表购买或成交。,FACT,1.0,"[""note:100000000000000000000003"", ""product:mock-p0""]"
100000000000000000000004,mock-p1,数据源明确关联的内容与商品；不代表购买或成交。,FACT,1.0,"[""note:100000000000000000000004"", ""product:mock-p1""]"
100000000000000000000005,mock-p2,数据源明确关联的内容与商品；不代表购买或成交。,FACT,1.0,"[""note:100000000000000000000005"", ""product:mock-p2""]"
100000000000000000000006,mock-p0,数据源明确关联的内容与商品；不代表购买或成交。,FACT,1.0,"[""note:100000000000000000000006"", ""product:mock-p0""]"
100000000000000000000007,mock-p1,数据源明确关联的内容与商品；不代表购买或成交。,FACT,1.0,"[""note:100000000000000000000007"", ""product:mock-p1""]"
100000000000000000000008,mock-p2,数据源明确关联的内容与商品；不代表购买或成交。,FACT,1.0,"[""note:100000000000000000000008"", ""product:mock-p2""]"
100000000000000000000009,mock-p0,数据源明确关联的内容与商品；不代表购买或成交。,FACT,1.0,"[""note:100000000000000000000009"", ""product:mock-p0""]"
100000000000000000000010,mock-p1,数据源明确关联的内容与商品；不代表购买或成交。,FACT,1.0,"[""note:100000000000000000000010"", ""product:mock-p1""]"
100000000000000000000011,mock-p2,数据源明确关联的内容与商品；不代表购买或成交。,FACT,1.0,"[""note:100000000000000000000011"", ""product:mock-p2""]"
100000000000000000000012,mock-p0,数据源明确关联的内容与商品；不代表购买或成交。,FACT,1.0,"[""note:100000000000000000000012"", ""product:mock-p0""]"
100000000000000000000013,mock-p1,数据源明确关联的内容与商品；不代表购买或成交。,FACT,1.0,"[""note:100000000000000000000013"", ""product:mock-p1""]"
100000000000000000000014,mock-p2,数据源明确关联的内容与商品；不代表购买或成交。,FACT,1.0,"[""note:100000000000000000000014"", ""product:mock-p2""]"
100000000000000000000015,mock-p0,数据源明确关联的内容与商品；不代表购买或成交。,FACT,1.0,"[""note:100000000000000000000015"", ""product:mock-p0""]"
100000000000000000000016,mock-p1,数据源明确关联的内容与商品；不代表购买或成交。,FACT,1.0,"[""note:100000000000000000000016"", ""product:mock-p1""]"
100000000000000000000017,mock-p2,数据源明确关联的内容与商品；不代表购买或成交。,FACT,1.0,"[""note:100000000000000000000017"", ""product:mock-p2""]"
100000000000000000000018,mock-p0,数据源明确关联的内容与商品；不代表购买或成交。,FACT,1.0,"[""note:100000000000000000000018"", ""product:mock-p0""]"
100000000000000000000019,mock-p1,数据源明确关联的内容与商品；不代表购买或成交。,FACT,1.0,"[""note:100000000000000000000019"", ""product:mock-p1""]"
100000000000000000000020,mock-p2,数据源明确关联的内容与商品；不代表购买或成交。,FACT,1.0,"[""note:100000000000000000000020"", ""product:mock-p2""]"
100000000000000000000021,mock-p0,数据源明确关联的内容与商品；不代表购买或成交。,FACT,1.0,"[""note:100000000000000000000021"", ""product:mock-p0""]"
100000000000000000000022,mock-p1,数据源明确关联的内容与商品；不代表购买或成交。,FACT,1.0,"[""note:100000000000000000000022"", ""product:mock-p1""]"
100000000000000000000023,mock-p2,数据源明确关联的内容与商品；不代表购买或成交。,FACT,1.0,"[""note:100000000000000000000023"", ""product:mock-p2""]"
100000000000000000000024,mock-p0,数据源明确关联的内容与商品；不代表购买或成交。,FACT,1.0,"[""note:100000000000000000000024"", ""product:mock-p0""]"
100000000000000000000025,mock-p1,数据源明确关联的内容与商品；不代表购买或成交。,FACT,1.0,"[""note:100000000000000000000025"", ""product:mock-p1""]"
100000000000000000000026,mock-p2,数据源明确关联的内容与商品；不代表购买或成交。,FACT,1.0,"[""note:100000000000000000000026"", ""product:mock-p2""]"
100000000000000000000027,mock-p0,数据源明确关联的内容与商品；不代表购买或成交。,FACT,1.0,"[""note:100000000000000000000027"", ""product:mock-p0""]"
100000000000000000000028,mock-p1,数据源明确关联的内容与商品；不代表购买或成交。,FACT,1.0,"[""note:100000000000000000000028"", ""product:mock-p1""]"
100000000000000000000029,mock-p2,数据源明确关联的内容与商品；不代表购买或成交。,FACT,1.0,"[""note:100000000000000000000029"", ""product:mock-p2""]"
100000000000000000000030,mock-p0,数据源明确关联的内容与商品；不代表购买或成交。,FACT,1.0,"[""note:100000000000000000000030"", ""product:mock-p0""]"
100000000000000000000031,mock-p1,数据源明确关联的内容与商品；不代表购买或成交。,FACT,1.0,"[""note:100000000000000000000031"", ""product:mock-p1""]"
100000000000000000000032,mock-p2,数据源明确关联的内容与商品；不代表购买或成交。,FACT,1.0,"[""note:100000000000000000000032"", ""product:mock-p2""]"
100000000000000000000033,mock-p0,数据源明确关联的内容与商品；不代表购买或成交。,FACT,1.0,"[""note:100000000000000000000033"", ""product:mock-p0""]"
100000000000000000000034,mock-p1,数据源明确关联的内容与商品；不代表购买或成交。,FACT,1.0,"[""note:100000000000000000000034"", ""product:mock-p1""]"
100000000000000000000035,mock-p2,数据源明确关联的内容与商品；不代表购买或成交。,FACT,1.0,"[""note:100000000000000000000035"", ""product:mock-p2""]"
100000000000000000000036,mock-p0,数据源明确关联的内容与商品；不代表购买或成交。,FACT,1.0,"[""note:100000000000000000000036"", ""product:mock-p0""]"
100000000000000000000037,mock-p1,数据源明确关联的内容与商品；不代表购买或成交。,FACT,1.0,"[""note:100000000000000000000037"", ""product:mock-p1""]"
100000000000000000000038,mock-p2,数据源明确关联的内容与商品；不代表购买或成交。,FACT,1.0,"[""note:100000000000000000000038"", ""product:mock-p2""]"
100000000000000000000039,mock-p0,数据源明确关联的内容与商品；不代表购买或成交。,FACT,1.0,"[""note:100000000000000000000039"", ""product:mock-p0""]"
100000000000000000000040,mock-p1,数据源明确关联的内容与商品；不代表购买或成交。,FACT,1.0,"[""note:100000000000000000000040"", ""product:mock-p1""]"
100000000000000000000041,mock-p2,数据源明确关联的内容与商品；不代表购买或成交。,FACT,1.0,"[""note:100000000000000000000041"", ""product:mock-p2""]"
100000000000000000000042,mock-p0,数据源明确关联的内容与商品；不代表购买或成交。,FACT,1.0,"[""note:100000000000000000000042"", ""product:mock-p0""]"
100000000000000000000043,mock-p1,数据源明确关联的内容与商品；不代表购买或成交。,FACT,1.0,"[""note:100000000000000000000043"", ""product:mock-p1""]"
100000000000000000000044,mock-p2,数据源明确关联的内容与商品；不代表购买或成交。,FACT,1.0,"[""note:100000000000000000000044"", ""product:mock-p2""]"
100000000000000000000045,mock-p0,数据源明确关联的内容与商品；不代表购买或成交。,FACT,1.0,"[""note:100000000000000000000045"", ""product:mock-p0""]"
100000000000000000000046,mock-p1,数据源明确关联的内容与商品；不代表购买或成交。,FACT,1.0,"[""note:100000000000000000000046"", ""product:mock-p1""]"
100000000000000000000047,mock-p2,数据源明确关联的内容与商品；不代表购买或成交。,FACT,1.0,"[""note:100000000000000000000047"", ""product:mock-p2""]"
100000000000000000000048,mock-p0,数据源明确关联的内容与商品；不代表购买或成交。,FACT,1.0,"[""note:100000000000000000000048"", ""product:mock-p0""]"
100000000000000000000049,mock-p1,数据源明确关联的内容与商品；不代表购买或成交。,FACT,1.0,"[""note:100000000000000000000049"", ""product:mock-p1""]"
100000000000000000000050,mock-p2,数据源明确关联的内容与商品；不代表购买或成交。,FACT,1.0,"[""note:100000000000000000000050"", ""product:mock-p2""]"
100000000000000000000051,mock-p0,数据源明确关联的内容与商品；不代表购买或成交。,FACT,1.0,"[""note:100000000000000000000051"", ""product:mock-p0""]"
100000000000000000000052,mock-p1,数据源明确关联的内容与商品；不代表购买或成交。,FACT,1.0,"[""note:100000000000000000000052"", ""product:mock-p1""]"
100000000000000000000053,mock-p2,数据源明确关联的内容与商品；不代表购买或成交。,FACT,1.0,"[""note:100000000000000000000053"", ""product:mock-p2""]"
100000000000000000000054,mock-p0,数据源明确关联的内容与商品；不代表购买或成交。,FACT,1.0,"[""note:100000000000000000000054"", ""product:mock-p0""]"
100000000000000000000055,mock-p1,数据源明确关联的内容与商品；不代表购买或成交。,FACT,1.0,"[""note:100000000000000000000055"", ""product:mock-p1""]"
100000000000000000000056,mock-p2,数据源明确关联的内容与商品；不代表购买或成交。,FACT,1.0,"[""note:100000000000000000000056"", ""product:mock-p2""]"
100000000000000000000057,mock-p0,数据源明确关联的内容与商品；不代表购买或成交。,FACT,1.0,"[""note:100000000000000000000057"", ""product:mock-p0""]"
100000000000000000000058,mock-p1,数据源明确关联的内容与商品；不代表购买或成交。,FACT,1.0,"[""note:100000000000000000000058"", ""product:mock-p1""]"
100000000000000000000059,mock-p2,数据源明确关联的内容与商品；不代表购买或成交。,FACT,1.0,"[""note:100000000000000000000059"", ""product:mock-p2""]"
100000000000000000000060,mock-p0,数据源明确关联的内容与商品；不代表购买或成交。,FACT,1.0,"[""note:100000000000000000000060"", ""product:mock-p0""]"
100000000000000000000061,mock-p1,数据源明确关联的内容与商品；不代表购买或成交。,FACT,1.0,"[""note:100000000000000000000061"", ""product:mock-p1""]"
100000000000000000000062,mock-p2,数据源明确关联的内容与商品；不代表购买或成交。,FACT,1.0,"[""note:100000000000000000000062"", ""product:mock-p2""]"
100000000000000000000063,mock-p0,数据源明确关联的内容与商品；不代表购买或成交。,FACT,1.0,"[""note:100000000000000000000063"", ""product:mock-p0""]"
100000000000000000000064,mock-p1,数据源明确关联的内容与商品；不代表购买或成交。,FACT,1.0,"[""note:100000000000000000000064"", ""product:mock-p1""]"
100000000000000000000065,mock-p2,数据源明确关联的内容与商品；不代表购买或成交。,FACT,1.0,"[""note:100000000000000000000065"", ""product:mock-p2""]"
100000000000000000000066,mock-p0,数据源明确关联的内容与商品；不代表购买或成交。,FACT,1.0,"[""note:100000000000000000000066"", ""product:mock-p0""]"
100000000000000000000067,mock-p1,数据源明确关联的内容与商品；不代表购买或成交。,FACT,1.0,"[""note:100000000000000000000067"", ""product:mock-p1""]"
100000000000000000000068,mock-p2,数据源明确关联的内容与商品；不代表购买或成交。,FACT,1.0,"[""note:100000000000000000000068"", ""product:mock-p2""]"
100000000000000000000069,mock-p0,数据源明确关联的内容与商品；不代表购买或成交。,FACT,1.0,"[""note:100000000000000000000069"", ""product:mock-p0""]"
100000000000000000000070,mock-p1,数据源明确关联的内容与商品；不代表购买或成交。,FACT,1.0,"[""note:100000000000000000000070"", ""product:mock-p1""]"
100000000000000000000071,mock-p2,数据源明确关联的内容与商品；不代表购买或成交。,FACT,1.0,"[""note:100000000000000000000071"", ""product:mock-p2""]"
100000000000000000000072,mock-p0,数据源明确关联的内容与商品；不代表购买或成交。,FACT,1.0,"[""note:100000000000000000000072"", ""product:mock-p0""]"
100000000000000000000073,mock-p1,数据源明确关联的内容与商品；不代表购买或成交。,FACT,1.0,"[""note:100000000000000000000073"", ""product:mock-p1""]"
100000000000000000000074,mock-p2,数据源明确关联的内容与商品；不代表购买或成交。,FACT,1.0,"[""note:100000000000000000000074"", ""product:mock-p2""]"
100000000000000000000075,mock-p0,数据源明确关联的内容与商品；不代表购买或成交。,FACT,1.0,"[""note:100000000000000000000075"", ""product:mock-p0""]"
100000000000000000000076,mock-p1,数据源明确关联的内容与商品；不代表购买或成交。,FACT,1.0,"[""note:100000000000000000000076"", ""product:mock-p1""]"
100000000000000000000077,mock-p2,数据源明确关联的内容与商品；不代表购买或成交。,FACT,1.0,"[""note:100000000000000000000077"", ""product:mock-p2""]"
100000000000000000000078,mock-p0,数据源明确关联的内容与商品；不代表购买或成交。,FACT,1.0,"[""note:100000000000000000000078"", ""product:mock-p0""]"
100000000000000000000079,mock-p1,数据源明确关联的内容与商品；不代表购买或成交。,FACT,1.0,"[""note:100000000000000000000079"", ""product:mock-p1""]"
100000000000000000000080,mock-p2,数据源明确关联的内容与商品；不代表购买或成交。,FACT,1.0,"[""note:100000000000000000000080"", ""product:mock-p2""]"
100000000000000000000081,mock-p0,数据源明确关联的内容与商品；不代表购买或成交。,FACT,1.0,"[""note:100000000000000000000081"", ""product:mock-p0""]"
100000000000000000000082,mock-p1,数据源明确关联的内容与商品；不代表购买或成交。,FACT,1.0,"[""note:100000000000000000000082"", ""product:mock-p1""]"
100000000000000000000083,mock-p2,数据源明确关联的内容与商品；不代表购买或成交。,FACT,1.0,"[""note:100000000000000000000083"", ""product:mock-p2""]"
100000000000000000000084,mock-p0,数据源明确关联的内容与商品；不代表购买或成交。,FACT,1.0,"[""note:100000000000000000000084"", ""product:mock-p0""]"
100000000000000000000085,mock-p1,数据源明确关联的内容与商品；不代表购买或成交。,FACT,1.0,"[""note:100000000000000000000085"", ""product:mock-p1""]"
100000000000000000000086,mock-p2,数据源明确关联的内容与商品；不代表购买或成交。,FACT,1.0,"[""note:100000000000000000000086"", ""product:mock-p2""]"
100000000000000000000087,mock-p0,数据源明确关联的内容与商品；不代表购买或成交。,FACT,1.0,"[""note:100000000000000000000087"", ""product:mock-p0""]"
100000000000000000000088,mock-p1,数据源明确关联的内容与商品；不代表购买或成交。,FACT,1.0,"[""note:100000000000000000000088"", ""product:mock-p1""]"
100000000000000000000089,mock-p2,数据源明确关联的内容与商品；不代表购买或成交。,FACT,1.0,"[""note:100000000000000000000089"", ""product:mock-p2""]"
100000000000000000000090,mock-p0,数据源明确关联的内容与商品；不代表购买或成交。,FACT,1.0,"[""note:100000000000000000000090"", ""product:mock-p0""]"
100000000000000000000091,mock-p1,数据源明确关联的内容与商品；不代表购买或成交。,FACT,1.0,"[""note:100000000000000000000091"", ""product:mock-p1""]"
100000000000000000000092,mock-p2,数据源明确关联的内容与商品；不代表购买或成交。,FACT,1.0,"[""note:100000000000000000000092"", ""product:mock-p2""]"
100000000000000000000093,mock-p0,数据源明确关联的内容与商品；不代表购买或成交。,FACT,1.0,"[""note:100000000000000000000093"", ""product:mock-p0""]"
100000000000000000000094,mock-p1,数据源明确关联的内容与商品；不代表购买或成交。,FACT,1.0,"[""note:100000000000000000000094"", ""product:mock-p1""]"
100000000000000000000095,mock-p2,数据源明确关联的内容与商品；不代表购买或成交。,FACT,1.0,"[""note:100000000000000000000095"", ""product:mock-p2""]"
100000000000000000000096,mock-p0,数据源明确关联的内容与商品；不代表购买或成交。,FACT,1.0,"[""note:100000000000000000000096"", ""product:mock-p0""]"
100000000000000000000097,mock-p1,数据源明确关联的内容与商品；不代表购买或成交。,FACT,1.0,"[""note:100000000000000000000097"", ""product:mock-p1""]"
100000000000000000000098,mock-p2,数据源明确关联的内容与商品；不代表购买或成交。,FACT,1.0,"[""note:100000000000000000000098"", ""product:mock-p2""]"
100000000000000000000099,mock-p0,数据源明确关联的内容与商品；不代表购买或成交。,FACT,1.0,"[""note:100000000000000000000099"", ""product:mock-p0""]"
