note_id,account_id,title,body,published_at,likes,saves,comments,shares,url,cover_url,product_ids
100000000000000000000000,000000000000000000000001,租房厨房如何处理空间不够？第1次使用记录,租房厨房常遇到空间不够。这次试用可叠放保鲜盒，按“场景问题→操作演示→边界说明”记录。先描述限制，再演示分类和取放过程，最后说明不适用情况。,1790800000,7,0,120,0,https://www.xiaohongshu.com/explore/100000000000000000000000,未获取到公开数据,"[""mock-p0""]"
100000000000000000000001,000000000000000000000001,通勤午餐如何处理清洗麻烦？第2次使用记录,通勤午餐常遇到清洗麻烦。这次试用分隔午餐盒，按“两种方案对比→使用条件→取舍”记录。先描述限制，再演示分类和取放过程，最后说明不适用情况。,1790713600,14,11,120,1,https://www.xiaohongshu.com/explore/100000000000000000000001,未获取到公开数据,"[""mock-p1""]"
100000000000000000000002,000000000000000000000001,周末备餐如何处理拿取费时？第3次使用记录,周末备餐常遇到拿取费时。这次试用抽屉收纳盘，按“真实流程→分步记录→复盘”记录。先描述限制，再演示分类和取放过程，最后说明不适用情况。,1790627200,21,22,120,2,https://www.xiaohongshu.com/explore/100000000000000000000002,未获取到公开数据,"[""mock-p2""]"
100000000000000000000003,000000000000000000000001,宿舍桌面如何处理容易串味？第4次使用记录,宿舍桌面常遇到容易串味。这次试用可叠放保鲜盒，按“常见误区→原因解释→替代方法”记录。先描述限制，再演示分类和取放过程，最后说明不适用情况。,1790540800,28,33,120,3,https://www.xiaohongshu.com/explore/100000000000000000000003,未获取到公开数据,"[""mock-p0""]"
100000000000000000000004,000000000000000000000001,小户型冰箱如何处理尺寸不合？第5次使用记录,小户型冰箱常遇到尺寸不合。这次试用分隔午餐盒，按“用户提问→实测回应→使用提醒”记录。先描述限制，再演示分类和取放过程，最后说明不适用情况。,1790454400,35,44,120,4,https://www.xiaohongshu.com/explore/100000000000000000000004,未获取到公开数据,"[""mock-p1""]"
100000000000000000000005,000000000000000000000001,租房厨房如何处理空间不够？第6次使用记录,租房厨房常遇到空间不够。这次试用抽屉收纳盘，按“场景问题→操作演示→边界说明”记录。先描述限制，再演示分类和取放过程，最后说明不适用情况。,1790368000,42,55,120,5,https://www.xiaohongshu.com/explore/100000000000000000000005,未获取到公开数据,"[""mock-p2""]"
100000000000000000000006,000000000000000000000001,通勤午餐如何处理清洗麻烦？第7次使用记录,通勤午餐常遇到清洗麻烦。这次试用可叠放保鲜盒，按“两种方案对比→使用条件→取舍”记录。先描述限制，再演示分类和取放过程，最后说明不适用情况。,1790281600,49,66,120,6,https://www.xiaohongshu.com/explore/100000000000000000000006,未获取到公开数据,"[""mock-p0""]"
100000000000000000000007,000000000000000000000001,周末备餐如何处理拿取费时？第8次使用记录,周末备餐常遇到拿取费时。这次试用分隔午餐盒，按“真实流程→分步记录→复盘”记录。先描述限制，再演示分类和取放过程，最后说明不适用情况。,1790195200,56,77,120,7,https://www.xiaohongshu.com/explore/100000000000000000000007,未获取到公开数据,"[""mock-p1""]"
100000000000000000000008,000000000000000000000001,宿舍桌面如何处理容易串味？第9次使用记录,宿舍桌面常遇到容易串味。这次试用抽屉收纳盘，按“常见误区→原因解释→替代方法”记录。先描述限制，再演示分类和取放过程，最后说明不适用情况。,1790108800,63,88,120,8,https://www.xiaohongshu.com/explore/100000000000000000000008,未获取到公开数据,"[""mock-p2""]"
100000000000000000000009,000000000000000000000001,小户型冰箱如何处理尺寸不合？第10次使用记录,小户型冰箱常遇到尺寸不合。这次试用可叠放保鲜盒，按“用户提问→实测回应→使用提醒”记录。先描述限制，再演示分类和取放过程，最后说明不适用情况。,1790022400,70,99,120,9,https://www.xiaohongshu.com/explore/100000000000000000000009,未获取到公开数据,"[""mock-p0""]"
100000000000000000000010,000000000000000000000001,租房厨房如何处理空间不够？第11次使用记录,租房厨房常遇到空间不够。这次试用分隔午餐盒，按“场景问题→操作演示→边界说明”记录。先描述限制，再演示分类和取放过程，最后说明不适用情况。,1789936000,77,110,120,10,https://www.xiaohongshu.com/explore/100000000000000000000010,未获取到公开数据,"[""mock-p1""]"
100000000000000000000011,000000000000000000000001,通勤午餐如何处理清洗麻烦？第12次使用记录,通勤午餐常遇到清洗麻烦。这次试用抽屉收纳盘，按“两种方案对比→使用条件→取舍”记录。先描述限制，再演示分类和取放过程，最后说明不适用情况。,1789849600,84,121,120,11,https://www.xiaohongshu.com/explore/100000000000000000000011,未获取到公开数据,"[""mock-p2""]"
100000000000000000000012,000000000000000000000001,周末备餐如何处理拿取费时？第13次使用记录,周末备餐常遇到拿取费时。这次试用可叠放保鲜盒，按“真实流程→分步记录→复盘”记录。先描述限制，再演示分类和取放过程，最后说明不适用情况。,1789763200,91,132,120,12,https://www.xiaohongshu.com/explore/100000000000000000000012,未获取到公开数据,"[""mock-p0""]"
100000000000000000000013,000000000000000000000001,宿舍桌面如何处理容易串味？第14次使用记录,宿舍桌面常遇到容易串味。这次试用分隔午餐盒，按“常见误区→原因解释→替代方法”记录。先描述限制，再演示分类和取放过程，最后说明不适用情况。,1789676800,98,0,120,13,https://www.xiaohongshu.com/explore/100000000000000000000013,未获取到公开数据,"[""mock-p1""]"
100000000000000000000014,000000000000000000000001,小户型冰箱如何处理尺寸不合？第15次使用记录,小户型冰箱常遇到尺寸不合。这次试用抽屉收纳盘，按“用户提问→实测回应→使用提醒”记录。先描述限制，再演示分类和取放过程，最后说明不适用情况。,1789590400,105,11,120,14,https://www.xiaohongshu.com/explore/100000000000000000000014,未获取到公开数据,"[""mock-p2""]"
100000000000000000000015,000000000000000000000001,租房厨房如何处理空间不够？第16次使用记录,租房厨房常遇到空间不够。这次试用可叠放保鲜盒，按“场景问题→操作演示→边界说明”记录。先描述限制，再演示分类和取放过程，最后说明不适用情况。,1789504000,112,22,120,15,https://www.xiaohongshu.com/explore/100000000000000000000015,未获取到公开数据,"[""mock-p0""]"
100000000000000000000016,000000000000000000000001,通勤午餐如何处理清洗麻烦？第17次使用记录,通勤午餐常遇到清洗麻烦。这次试用分隔午餐盒，按“两种方案对比→使用条件→取舍”记录。先描述限制，再演示分类和取放过程，最后说明不适用情况。,1789417600,119,33,120,16,https://www.xiaohongshu.com/explore/100000000000000000000016,未获取到公开数据,"[""mock-p1""]"
100000000000000000000017,000000000000000000000001,周末备餐如何处理拿取费时？第18次使用记录,周末备餐常遇到拿取费时。这次试用抽屉收纳盘，按“真实流程→分步记录→复盘”记录。先描述限制，再演示分类和取放过程，最后说明不适用情况。,1789331200,126,44,120,0,https://www.xiaohongshu.com/explore/100000000000000000000017,未获取到公开数据,"[""mock-p2""]"
100000000000000000000018,000000000000000000000001,宿舍桌面如何处理容易串味？第19次使用记录,宿舍桌面常遇到容易串味。这次试用可叠放保鲜盒，按“常见误区→原因解释→替代方法”记录。先描述限制，再演示分类和取放过程，最后说明不适用情况。,1789244800,133,55,120,1,https://www.xiaohongshu.com/explore/100000000000000000000018,未获取到公开数据,"[""mock-p0""]"
100000000000000000000019,000000000000000000000001,小户型冰箱如何处理尺寸不合？第20次使用记录,小户型冰箱常遇到尺寸不合。这次试用分隔午餐盒，按“用户提问→实测回应→使用提醒”记录。先描述限制，再演示分类和取放过程，最后说明不适用情况。,1789158400,140,66,120,2,https://www.xiaohongshu.com/explore/100000000000000000000019,未获取到公开数据,"[""mock-p1""]"
100000000000000000000020,000000000000000000000001,租房厨房如何处理空间不够？第21次使用记录,租房厨房常遇到空间不够。这次试用抽屉收纳盘，按“场景问题→操作演示→边界说明”记录。先描述限制，再演示分类和取放过程，最后说明不适用情况。,1789072000,147,77,120,3,https://www.xiaohongshu.com/explore/100000000000000000000020,未获取到公开数据,"[""mock-p2""]"
100000000000000000000021,000000000000000000000001,通勤午餐如何处理清洗麻烦？第22次使用记录,通勤午餐常遇到清洗麻烦。这次试用可叠放保鲜盒，按“两种方案对比→使用条件→取舍”记录。先描述限制，再演示分类和取放过程，最后说明不适用情况。,1788985600,154,88,120,4,https://www.xiaohongshu.com/explore/100000000000000000000021,未获取到公开数据,"[""mock-p0""]"
100000000000000000000022,000000000000000000000001,周末备餐如何处理拿取费时？第23次使用记录,周末备餐常遇到拿取费时。这次试用分隔午餐盒，按“真实流程→分步记录→复盘”记录。先描述限制，再演示分类和取放过程，最后说明不适用情况。,1788899200,161,99,120,5,https://www.xiaohongshu.com/explore/100000000000000000000022,未获取到公开数据,"[""mock-p1""]"
100000000000000000000023,000000000000000000000001,宿舍桌面如何处理容易串味？第24次使用记录,宿舍桌面常遇到容易串味。这次试用抽屉收纳盘，按“常见误区→原因解释→替代方法”记录。先描述限制，再演示分类和取放过程，最后说明不适用情况。,1788812800,168,110,120,6,https://www.xiaohongshu.com/explore/100000000000000000000023,未获取到公开数据,"[""mock-p2""]"
100000000000000000000024,000000000000000000000001,小户型冰箱如何处理尺寸不合？第25次使用记录,小户型冰箱常遇到尺寸不合。这次试用可叠放保鲜盒，按“用户提问→实测回应→使用提醒”记录。先描述限制，再演示分类和取放过程，最后说明不适用情况。,1788726400,175,121,120,7,https://www.xiaohongshu.com/explore/100000000000000000000024,未获取到公开数据,"[""mock-p0""]"
100000000000000000000025,000000000000000000000001,租房厨房如何处理空间不够？第26次使用记录,租房厨房常遇到空间不够。这次试用分隔午餐盒，按“场景问题→操作演示→边界说明”记录。先描述限制，再演示分类和取放过程，最后说明不适用情况。,1788640000,182,132,120,8,https://www.xiaohongshu.com/explore/100000000000000000000025,未获取到公开数据,"[""mock-p1""]"
100000000000000000000026,000000000000000000000001,通勤午餐如何处理清洗麻烦？第27次使用记录,通勤午餐常遇到清洗麻烦。这次试用抽屉收纳盘，按“两种方案对比→使用条件→取舍”记录。先描述限制，再演示分类和取放过程，最后说明不适用情况。,1788553600,189,0,120,9,https://www.xiaohongshu.com/explore/100000000000000000000026,未获取到公开数据,"[""mock-p2""]"
100000000000000000000027,000000000000000000000001,周末备餐如何处理拿取费时？第28次使用记录,周末备餐常遇到拿取费时。这次试用可叠放保鲜盒，按“真实流程→分步记录→复盘”记录。先描述限制，再演示分类和取放过程，最后说明不适用情况。,1788467200,196,11,120,10,https://www.xiaohongshu.com/explore/100000000000000000000027,未获取到公开数据,"[""mock-p0""]"
100000000000000000000028,000000000000000000000001,宿舍桌面如何处理容易串味？第29次使用记录,宿舍桌面常遇到容易串味。这次试用分隔午餐盒，按“常见误区→原因解释→替代方法”记录。先描述限制，再演示分类和取放过程，最后说明不适用情况。,1788380800,203,22,120,11,https://www.xiaohongshu.com/explore/100000000000000000000028,未获取到公开数据,"[""mock-p1""]"
100000000000000000000029,000000000000000000000001,小户型冰箱如何处理尺寸不合？第30次使用记录,小户型冰箱常遇到尺寸不合。这次试用抽屉收纳盘，按“用户提问→实测回应→使用提醒”记录。先描述限制，再演示分类和取放过程，最后说明不适用情况。,1788294400,210,33,120,12,https://www.xiaohongshu.com/explore/100000000000000000000029,未获取到公开数据,"[""mock-p2""]"
100000000000000000000030,000000000000000000000001,租房厨房如何处理空间不够？第31次使用记录,租房厨房常遇到空间不够。这次试用可叠放保鲜盒，按“场景问题→操作演示→边界说明”记录。先描述限制，再演示分类和取放过程，最后说明不适用情况。,1788208000,217,44,120,13,https://www.xiaohongshu.com/explore/100000000000000000000030,未获取到公开数据,"[""mock-p0""]"
100000000000000000000031,000000000000000000000001,通勤午餐如何处理清洗麻烦？第32次使用记录,通勤午餐常遇到清洗麻烦。这次试用分隔午餐盒，按“两种方案对比→使用条件→取舍”记录。先描述限制，再演示分类和取放过程，最后说明不适用情况。,1788121600,224,55,120,14,https://www.xiaohongshu.com/explore/100000000000000000000031,未获取到公开数据,"[""mock-p1""]"
100000000000000000000032,000000000000000000000001,周末备餐如何处理拿取费时？第33次使用记录,周末备餐常遇到拿取费时。这次试用抽屉收纳盘，按“真实流程→分步记录→复盘”记录。先描述限制，再演示分类和取放过程，最后说明不适用情况。,1788035200,231,66,120,15,https://www.xiaohongshu.com/explore/100000000000000000000032,未获取到公开数据,"[""mock-p2""]"
100000000000000000000033,000000000000000000000001,宿舍桌面如何处理容易串味？第34次使用记录,宿舍桌面常遇到容易串味。这次试用可叠放保鲜盒，按“常见误区→原因解释→替代方法”记录。先描述限制，再演示分类和取放过程，最后说明不适用情况。,1787948800,238,77,120,16,https://www.xiaohongshu.com/explore/100000000000000000000033,未获取到公开数据,"[""mock-p0""]"
100000000000000000000034,000000000000000000000001,小户型冰箱如何处理尺寸不合？第35次使用记录,小户型冰箱常遇到尺寸不合。这次试用分隔午餐盒，按“用户提问→实测回应→使用提醒”记录。先描述限制，再演示分类和取放过程，最后说明不适用情况。,1787862400,245,88,120,0,https://www.xiaohongshu.com/explore/100000000000000000000034,未获取到公开数据,"[""mock-p1""]"
100000000000000000000035,000000000000000000000001,租房厨房如何处理空间不够？第36次使用记录,租房厨房常遇到空间不够。这次试用抽屉收纳盘，按“场景问题→操作演示→边界说明”记录。先描述限制，再演示分类和取放过程，最后说明不适用情况。,1787776000,252,99,120,1,https://www.xiaohongshu.com/explore/100000000000000000000035,未获取到公开数据,"[""mock-p2""]"
100000000000000000000036,000000000000000000000001,通勤午餐如何处理清洗麻烦？第37次使用记录,通勤午餐常遇到清洗麻烦。这次试用可叠放保鲜盒，按“两种方案对比→使用条件→取舍”记录。先描述限制，再演示分类和取放过程，最后说明不适用情况。,1787689600,259,110,120,2,https://www.xiaohongshu.com/explore/100000000000000000000036,未获取到公开数据,"[""mock-p0""]"
100000000000000000000037,000000000000000000000001,周末备餐如何处理拿取费时？第38次使用记录,周末备餐常遇到拿取费时。这次试用分隔午餐盒，按“真实流程→分步记录→复盘”记录。先描述限制，再演示分类和取放过程，最后说明不适用情况。,1787603200,266,121,120,3,https://www.xiaohongshu.com/explore/100000000000000000000037,未获取到公开数据,"[""mock-p1""]"
100000000000000000000038,000000000000000000000001,宿舍桌面如何处理容易串味？第39次使用记录,宿舍桌面常遇到容易串味。这次试用抽屉收纳盘，按“常见误区→原因解释→替代方法”记录。先描述限制，再演示分类和取放过程，最后说明不适用情况。,1787516800,273,132,120,4,https://www.xiaohongshu.com/explore/100000000000000000000038,未获取到公开数据,"[""mock-p2""]"
100000000000000000000039,000000000000000000000001,小户型冰箱如何处理尺寸不合？第40次使用记录,小户型冰箱常遇到尺寸不合。这次试用可叠放保鲜盒，按“用户提问→实测回应→使用提醒”记录。先描述限制，再演示分类和取放过程，最后说明不适用情况。,1787430400,280,0,120,5,https://www.xiaohongshu.com/explore/100000000000000000000039,未获取到公开数据,"[""mock-p0""]"
100000000000000000000040,000000000000000000000001,租房厨房如何处理空间不够？第41次使用记录,租房厨房常遇到空间不够。这次试用分隔午餐盒，按“场景问题→操作演示→边界说明”记录。先描述限制，再演示分类和取放过程，最后说明不适用情况。,1787344000,287,11,120,6,https://www.xiaohongshu.com/explore/100000000000000000000040,未获取到公开数据,"[""mock-p1""]"
100000000000000000000041,000000000000000000000001,通勤午餐如何处理清洗麻烦？第42次使用记录,通勤午餐常遇到清洗麻烦。这次试用抽屉收纳盘，按“两种方案对比→使用条件→取舍”记录。先描述限制，再演示分类和取放过程，最后说明不适用情况。,1787257600,294,22,120,7,https://www.xiaohongshu.com/explore/100000000000000000000041,未获取到公开数据,"[""mock-p2""]"
100000000000000000000042,000000000000000000000001,周末备餐如何处理拿取费时？第43次使用记录,周末备餐常遇到拿取费时。这次试用可叠放保鲜盒，按“真实流程→分步记录→复盘”记录。先描述限制，再演示分类和取放过程，最后说明不适用情况。,1787171200,301,33,120,8,https://www.xiaohongshu.com/explore/100000000000000000000042,未获取到公开数据,"[""mock-p0""]"
100000000000000000000043,000000000000000000000001,宿舍桌面如何处理容易串味？第44次使用记录,宿舍桌面常遇到容易串味。这次试用分隔午餐盒，按“常见误区→原因解释→替代方法”记录。先描述限制，再演示分类和取放过程，最后说明不适用情况。,1787084800,308,44,120,9,https://www.xiaohongshu.com/explore/100000000000000000000043,未获取到公开数据,"[""mock-p1""]"
100000000000000000000044,000000000000000000000001,小户型冰箱如何处理尺寸不合？第45次使用记录,小户型冰箱常遇到尺寸不合。这次试用抽屉收纳盘，按“用户提问→实测回应→使用提醒”记录。先描述限制，再演示分类和取放过程，最后说明不适用情况。,1786998400,315,55,120,10,https://www.xiaohongshu.com/explore/100000000000000000000044,未获取到公开数据,"[""mock-p2""]"
100000000000000000000045,000000000000000000000001,租房厨房如何处理空间不够？第46次使用记录,租房厨房常遇到空间不够。这次试用可叠放保鲜盒，按“场景问题→操作演示→边界说明”记录。先描述限制，再演示分类和取放过程，最后说明不适用情况。,1786912000,322,66,120,11,https://www.xiaohongshu.com/explore/100000000000000000000045,未获取到公开数据,"[""mock-p0""]"
100000000000000000000046,000000000000000000000001,通勤午餐如何处理清洗麻烦？第47次使用记录,通勤午餐常遇到清洗麻烦。这次试用分隔午餐盒，按“两种方案对比→使用条件→取舍”记录。先描述限制，再演示分类和取放过程，最后说明不适用情况。,1786825600,329,77,120,12,https://www.xiaohongshu.com/explore/100000000000000000000046,未获取到公开数据,"[""mock-p1""]"
100000000000000000000047,000000000000000000000001,周末备餐如何处理拿取费时？第48次使用记录,周末备餐常遇到拿取费时。这次试用抽屉收纳盘，按“真实流程→分步记录→复盘”记录。先描述限制，再演示分类和取放过程，最后说明不适用情况。,1786739200,336,88,120,13,https://www.xiaohongshu.com/explore/100000000000000000000047,未获取到公开数据,"[""mock-p2""]"
100000000000000000000048,000000000000000000000001,宿舍桌面如何处理容易串味？第49次使用记录,宿舍桌面常遇到容易串味。这次试用可叠放保鲜盒，按“常见误区→原因解释→替代方法”记录。先描述限制，再演示分类和取放过程，最后说明不适用情况。,1786652800,343,99,120,14,https://www.xiaohongshu.com/explore/100000000000000000000048,未获取到公开数据,"[""mock-p0""]"
100000000000000000000049,000000000000000000000001,小户型冰箱如何处理尺寸不合？第50次使用记录,小户型冰箱常遇到尺寸不合。这次试用分隔午餐盒，按“用户提问→实测回应→使用提醒”记录。先描述限制，再演示分类和取放过程，最后说明不适用情况。,1786566400,350,110,120,15,https://www.xiaohongshu.com/explore/100000000000000000000049,未获取到公开数据,"[""mock-p1""]"
100000000000000000000050,000000000000000000000001,租房厨房如何处理空间不够？第51次使用记录,租房厨房常遇到空间不够。这次试用抽屉收纳盘，按“场景问题→操作演示→边界说明”记录。先描述限制，再演示分类和取放过程，最后说明不适用情况。,1786480000,357,121,120,16,https://www.xiaohongshu.com/explore/100000000000000000000050,未获取到公开数据,"[""mock-p2""]"
100000000000000000000051,000000000000000000000001,通勤午餐如何处理清洗麻烦？第52次使用记录,通勤午餐常遇到清洗麻烦。这次试用可叠放保鲜盒，按“两种方案对比→使用条件→取舍”记录。先描述限制，再演示分类和取放过程，最后说明不适用情况。,1786393600,364,132,120,0,https://www.xiaohongshu.com/explore/100000000000000000000051,未获取到公开数据,"[""mock-p0""]"
100000000000000000000052,000000000000000000000001,周末备餐如何处理拿取费时？第53次使用记录,周末备餐常遇到拿取费时。这次试用分隔午餐盒，按“真实流程→分步记录→复盘”记录。先描述限制，再演示分类和取放过程，最后说明不适用情况。,1786307200,371,0,120,1,https://www.xiaohongshu.com/explore/100000000000000000000052,未获取到公开数据,"[""mock-p1""]"
100000000000000000000053,000000000000000000000001,宿舍桌面如何处理容易串味？第54次使用记录,宿舍桌面常遇到容易串味。这次试用抽屉收纳盘，按“常见误区→原因解释→替代方法”记录。先描述限制，再演示分类和取放过程，最后说明不适用情况。,1786220800,378,11,120,2,https://www.xiaohongshu.com/explore/100000000000000000000053,未获取到公开数据,"[""mock-p2""]"
100000000000000000000054,000000000000000000000001,小户型冰箱如何处理尺寸不合？第55次使用记录,小户型冰箱常遇到尺寸不合。这次试用可叠放保鲜盒，按“用户提问→实测回应→使用提醒”记录。先描述限制，再演示分类和取放过程，最后说明不适用情况。,1786134400,385,22,120,3,https://www.xiaohongshu.com/explore/100000000000000000000054,未获取到公开数据,"[""mock-p0""]"
100000000000000000000055,000000000000000000000001,租房厨房如何处理空间不够？第56次使用记录,租房厨房常遇到空间不够。这次试用分隔午餐盒，按“场景问题→操作演示→边界说明”记录。先描述限制，再演示分类和取放过程，最后说明不适用情况。,1786048000,392,33,120,4,https://www.xiaohongshu.com/explore/100000000000000000000055,未获取到公开数据,"[""mock-p1""]"
100000000000000000000056,000000000000000000000001,通勤午餐如何处理清洗麻烦？第57次使用记录,通勤午餐常遇到清洗麻烦。这次试用抽屉收纳盘，按“两种方案对比→使用条件→取舍”记录。先描述限制，再演示分类和取放过程，最后说明不适用情况。,1785961600,399,44,120,5,https://www.xiaohongshu.com/explore/100000000000000000000056,未获取到公开数据,"[""mock-p2""]"
100000000000000000000057,000000000000000000000001,周末备餐如何处理拿取费时？第58次使用记录,周末备餐常遇到拿取费时。这次试用可叠放保鲜盒，按“真实流程→分步记录→复盘”记录。先描述限制，再演示分类和取放过程，最后说明不适用情况。,1785875200,406,55,120,6,https://www.xiaohongshu.com/explore/100000000000000000000057,未获取到公开数据,"[""mock-p0""]"
100000000000000000000058,000000000000000000000001,宿舍桌面如何处理容易串味？第59次使用记录,宿舍桌面常遇到容易串味。这次试用分隔午餐盒，按“常见误区→原因解释→替代方法”记录。先描述限制，再演示分类和取放过程，最后说明不适用情况。,1785788800,413,66,120,7,https://www.xiaohongshu.com/explore/100000000000000000000058,未获取到公开数据,"[""mock-p1""]"
100000000000000000000059,000000000000000000000001,小户型冰箱如何处理尺寸不合？第60次使用记录,小户型冰箱常遇到尺寸不合。这次试用抽屉收纳盘，按“用户提问→实测回应→使用提醒”记录。先描述限制，再演示分类和取放过程，最后说明不适用情况。,1785702400,420,77,120,8,https://www.xiaohongshu.com/explore/100000000000000000000059,未获取到公开数据,"[""mock-p2""]"
100000000000000000000060,000000000000000000000001,租房厨房如何处理空间不够？第61次使用记录,租房厨房常遇到空间不够。这次试用可叠放保鲜盒，按“场景问题→操作演示→边界说明”记录。先描述限制，再演示分类和取放过程，最后说明不适用情况。,1785616000,427,88,120,9,https://www.xiaohongshu.com/explore/100000000000000000000060,未获取到公开数据,"[""mock-p0""]"
100000000000000000000061,000000000000000000000001,通勤午餐如何处理清洗麻烦？第62次使用记录,通勤午餐常遇到清洗麻烦。这次试用分隔午餐盒，按“两种方案对比→使用条件→取舍”记录。先描述限制，再演示分类和取放过程，最后说明不适用情况。,1785529600,434,99,120,10,https://www.xiaohongshu.com/explore/100000000000000000000061,未获取到公开数据,"[""mock-p1""]"
100000000000000000000062,000000000000000000000001,周末备餐如何处理拿取费时？第63次使用记录,周末备餐常遇到拿取费时。这次试用抽屉收纳盘，按“真实流程→分步记录→复盘”记录。先描述限制，再演示分类和取放过程，最后说明不适用情况。,1785443200,441,110,120,11,https://www.xiaohongshu.com/explore/100000000000000000000062,未获取到公开数据,"[""mock-p2""]"
100000000000000000000063,000000000000000000000001,宿舍桌面如何处理容易串味？第64次使用记录,宿舍桌面常遇到容易串味。这次试用可叠放保鲜盒，按“常见误区→原因解释→替代方法”记录。先描述限制，再演示分类和取放过程，最后说明不适用情况。,1785356800,448,121,120,12,https://www.xiaohongshu.com/explore/100000000000000000000063,未获取到公开数据,"[""mock-p0""]"
100000000000000000000064,000000000000000000000001,小户型冰箱如何处理尺寸不合？第65次使用记录,小户型冰箱常遇到尺寸不合。这次试用分隔午餐盒，按“用户提问→实测回应→使用提醒”记录。先描述限制，再演示分类和取放过程，最后说明不适用情况。,1785270400,455,132,120,13,https://www.xiaohongshu.com/explore/100000000000000000000064,未获取到公开数据,"[""mock-p1""]"
100000000000000000000065,000000000000000000000001,租房厨房如何处理空间不够？第66次使用记录,租房厨房常遇到空间不够。这次试用抽屉收纳盘，按“场景问题→操作演示→边界说明”记录。先描述限制，再演示分类和取放过程，最后说明不适用情况。,1785184000,462,0,120,14,https://www.xiaohongshu.com/explore/100000000000000000000065,未获取到公开数据,"[""mock-p2""]"
100000000000000000000066,000000000000000000000001,通勤午餐如何处理清洗麻烦？第67次使用记录,通勤午餐常遇到清洗麻烦。这次试用可叠放保鲜盒，按“两种方案对比→使用条件→取舍”记录。先描述限制，再演示分类和取放过程，最后说明不适用情况。,1785097600,469,11,120,15,https://www.xiaohongshu.com/explore/100000000000000000000066,未获取到公开数据,"[""mock-p0""]"
100000000000000000000067,000000000000000000000001,周末备餐如何处理拿取费时？第68次使用记录,周末备餐常遇到拿取费时。这次试用分隔午餐盒，按“真实流程→分步记录→复盘”记录。先描述限制，再演示分类和取放过程，最后说明不适用情况。,1785011200,476,22,120,16,https://www.xiaohongshu.com/explore/100000000000000000000067,未获取到公开数据,"[""mock-p1""]"
100000000000000000000068,000000000000000000000001,宿舍桌面如何处理容易串味？第69次使用记录,宿舍桌面常遇到容易串味。这次试用抽屉收纳盘，按“常见误区→原因解释→替代方法”记录。先描述限制，再演示分类和取放过程，最后说明不适用情况。,1784924800,483,33,120,0,https://www.xiaohongshu.com/explore/100000000000000000000068,未获取到公开数据,"[""mock-p2""]"
100000000000000000000069,000000000000000000000001,小户型冰箱如何处理尺寸不合？第70次使用记录,小户型冰箱常遇到尺寸不合。这次试用可叠放保鲜盒，按“用户提问→实测回应→使用提醒”记录。先描述限制，再演示分类和取放过程，最后说明不适用情况。,1784838400,490,44,120,1,https://www.xiaohongshu.com/explore/100000000000000000000069,未获取到公开数据,"[""mock-p0""]"
100000000000000000000070,000000000000000000000001,租房厨房如何处理空间不够？第71次使用记录,租房厨房常遇到空间不够。这次试用分隔午餐盒，按“场景问题→操作演示→边界说明”记录。先描述限制，再演示分类和取放过程，最后说明不适用情况。,1784752000,497,55,120,2,https://www.xiaohongshu.com/explore/100000000000000000000070,未获取到公开数据,"[""mock-p1""]"
100000000000000000000071,000000000000000000000001,通勤午餐如何处理清洗麻烦？第72次使用记录,通勤午餐常遇到清洗麻烦。这次试用抽屉收纳盘，按“两种方案对比→使用条件→取舍”记录。先描述限制，再演示分类和取放过程，最后说明不适用情况。,1784665600,504,66,120,3,https://www.xiaohongshu.com/explore/100000000000000000000071,未获取到公开数据,"[""mock-p2""]"
100000000000000000000072,000000000000000000000001,周末备餐如何处理拿取费时？第73次使用记录,周末备餐常遇到拿取费时。这次试用可叠放保鲜盒，按“真实流程→分步记录→复盘”记录。先描述限制，再演示分类和取放过程，最后说明不适用情况。,1784579200,511,77,120,4,https://www.xiaohongshu.com/explore/100000000000000000000072,未获取到公开数据,"[""mock-p0""]"
100000000000000000000073,000000000000000000000001,宿舍桌面如何处理容易串味？第74次使用记录,宿舍桌面常遇到容易串味。这次试用分隔午餐盒，按“常见误区→原因解释→替代方法”记录。先描述限制，再演示分类和取放过程，最后说明不适用情况。,1784492800,518,88,120,5,https://www.xiaohongshu.com/explore/100000000000000000000073,未获取到公开数据,"[""mock-p1""]"
100000000000000000000074,000000000000000000000001,小户型冰箱如何处理尺寸不合？第75次使用记录,小户型冰箱常遇到尺寸不合。这次试用抽屉收纳盘，按“用户提问→实测回应→使用提醒”记录。先描述限制，再演示分类和取放过程，最后说明不适用情况。,1784406400,525,99,120,6,https://www.xiaohongshu.com/explore/100000000000000000000074,未获取到公开数据,"[""mock-p2""]"
100000000000000000000075,000000000000000000000001,租房厨房如何处理空间不够？第76次使用记录,租房厨房常遇到空间不够。这次试用可叠放保鲜盒，按“场景问题→操作演示→边界说明”记录。先描述限制，再演示分类和取放过程，最后说明不适用情况。,1784320000,532,110,120,7,https://www.xiaohongshu.com/explore/100000000000000000000075,未获取到公开数据,"[""mock-p0""]"
100000000000000000000076,000000000000000000000001,通勤午餐如何处理清洗麻烦？第77次使用记录,通勤午餐常遇到清洗麻烦。这次试用分隔午餐盒，按“两种方案对比→使用条件→取舍”记录。先描述限制，再演示分类和取放过程，最后说明不适用情况。,1784233600,539,121,120,8,https://www.xiaohongshu.com/explore/100000000000000000000076,未获取到公开数据,"[""mock-p1""]"
100000000000000000000077,000000000000000000000001,周末备餐如何处理拿取费时？第78次使用记录,周末备餐常遇到拿取费时。这次试用抽屉收纳盘，按“真实流程→分步记录→复盘”记录。先描述限制，再演示分类和取放过程，最后说明不适用情况。,1784147200,546,132,120,9,https://www.xiaohongshu.com/explore/100000000000000000000077,未获取到公开数据,"[""mock-p2""]"
100000000000000000000078,000000000000000000000001,宿舍桌面如何处理容易串味？第79次使用记录,宿舍桌面常遇到容易串味。这次试用可叠放保鲜盒，按“常见误区→原因解释→替代方法”记录。先描述限制，再演示分类和取放过程，最后说明不适用情况。,1784060800,553,0,120,10,https://www.xiaohongshu.com/explore/100000000000000000000078,未获取到公开数据,"[""mock-p0""]"
100000000000000000000079,000000000000000000000001,小户型冰箱如何处理尺寸不合？第80次使用记录,小户型冰箱常遇到尺寸不合。这次试用分隔午餐盒，按“用户提问→实测回应→使用提醒”记录。先描述限制，再演示分类和取放过程，最后说明不适用情况。,1783974400,560,11,120,11,https://www.xiaohongshu.com/explore/100000000000000000000079,未获取到公开数据,"[""mock-p1""]"
100000000000000000000080,000000000000000000000001,租房厨房如何处理空间不够？第81次使用记录,租房厨房常遇到空间不够。这次试用抽屉收纳盘，按“场景问题→操作演示→边界说明”记录。先描述限制，再演示分类和取放过程，最后说明不适用情况。,1783888000,567,22,120,12,https://www.xiaohongshu.com/explore/100000000000000000000080,未获取到公开数据,"[""mock-p2""]"
100000000000000000000081,000000000000000000000001,通勤午餐如何处理清洗麻烦？第82次使用记录,通勤午餐常遇到清洗麻烦。这次试用可叠放保鲜盒，按“两种方案对比→使用条件→取舍”记录。先描述限制，再演示分类和取放过程，最后说明不适用情况。,1783801600,574,33,120,13,https://www.xiaohongshu.com/explore/100000000000000000000081,未获取到公开数据,"[""mock-p0""]"
100000000000000000000082,000000000000000000000001,周末备餐如何处理拿取费时？第83次使用记录,周末备餐常遇到拿取费时。这次试用分隔午餐盒，按“真实流程→分步记录→复盘”记录。先描述限制，再演示分类和取放过程，最后说明不适用情况。,1783715200,581,44,120,14,https://www.xiaohongshu.com/explore/100000000000000000000082,未获取到公开数据,"[""mock-p1""]"
100000000000000000000083,000000000000000000000001,宿舍桌面如何处理容易串味？第84次使用记录,宿舍桌面常遇到容易串味。这次试用抽屉收纳盘，按“常见误区→原因解释→替代方法”记录。先描述限制，再演示分类和取放过程，最后说明不适用情况。,1783628800,588,55,120,15,https://www.xiaohongshu.com/explore/100000000000000000000083,未获取到公开数据,"[""mock-p2""]"
100000000000000000000084,000000000000000000000001,小户型冰箱如何处理尺寸不合？第85次使用记录,小户型冰箱常遇到尺寸不合。这次试用可叠放保鲜盒，按“用户提问→实测回应→使用提醒”记录。先描述限制，再演示分类和取放过程，最后说明不适用情况。,1783542400,595,66,120,16,https://www.xiaohongshu.com/explore/100000000000000000000084,未获取到公开数据,"[""mock-p0""]"
100000000000000000000085,000000000000000000000001,租房厨房如何处理空间不够？第86次使用记录,租房厨房常遇到空间不够。这次试用分隔午餐盒，按“场景问题→操作演示→边界说明”记录。先描述限制，再演示分类和取放过程，最后说明不适用情况。,1783456000,602,77,120,0,https://www.xiaohongshu.com/explore/100000000000000000000085,未获取到公开数据,"[""mock-p1""]"
100000000000000000000086,000000000000000000000001,通勤午餐如何处理清洗麻烦？第87次使用记录,通勤午餐常遇到清洗麻烦。这次试用抽屉收纳盘，按“两种方案对比→使用条件→取舍”记录。先描述限制，再演示分类和取放过程，最后说明不适用情况。,1783369600,609,88,120,1,https://www.xiaohongshu.com/explore/100000000000000000000086,未获取到公开数据,"[""mock-p2""]"
100000000000000000000087,000000000000000000000001,周末备餐如何处理拿取费时？第88次使用记录,周末备餐常遇到拿取费时。这次试用可叠放保鲜盒，按“真实流程→分步记录→复盘”记录。先描述限制，再演示分类和取放过程，最后说明不适用情况。,1783283200,616,99,120,2,https://www.xiaohongshu.com/explore/100000000000000000000087,未获取到公开数据,"[""mock-p0""]"
100000000000000000000088,000000000000000000000001,宿舍桌面如何处理容易串味？第89次使用记录,宿舍桌面常遇到容易串味。这次试用分隔午餐盒，按“常见误区→原因解释→替代方法”记录。先描述限制，再演示分类和取放过程，最后说明不适用情况。,1783196800,623,110,120,3,https://www.xiaohongshu.com/explore/100000000000000000000088,未获取到公开数据,"[""mock-p1""]"
100000000000000000000089,000000000000000000000001,小户型冰箱如何处理尺寸不合？第90次使用记录,小户型冰箱常遇到尺寸不合。这次试用抽屉收纳盘，按“用户提问→实测回应→使用提醒”记录。先描述限制，再演示分类和取放过程，最后说明不适用情况。,1783110400,630,121,120,4,https://www.xiaohongshu.com/explore/100000000000000000000089,未获取到公开数据,"[""mock-p2""]"
100000000000000000000090,000000000000000000000001,租房厨房如何处理空间不够？第91次使用记录,租房厨房常遇到空间不够。这次试用可叠放保鲜盒，按“场景问题→操作演示→边界说明”记录。先描述限制，再演示分类和取放过程，最后说明不适用情况。,1783024000,637,132,120,5,https://www.xiaohongshu.com/explore/100000000000000000000090,未获取到公开数据,"[""mock-p0""]"
100000000000000000000091,000000000000000000000001,通勤午餐如何处理清洗麻烦？第92次使用记录,通勤午餐常遇到清洗麻烦。这次试用分隔午餐盒，按“两种方案对比→使用条件→取舍”记录。先描述限制，再演示分类和取放过程，最后说明不适用情况。,1782937600,644,0,120,6,https://www.xiaohongshu.com/explore/100000000000000000000091,未获取到公开数据,"[""mock-p1""]"
100000000000000000000092,000000000000000000000001,周末备餐如何处理拿取费时？第93次使用记录,周末备餐常遇到拿取费时。这次试用抽屉收纳盘，按“真实流程→分步记录→复盘”记录。先描述限制，再演示分类和取放过程，最后说明不适用情况。,1782851200,651,11,120,7,https://www.xiaohongshu.com/explore/100000000000000000000092,未获取到公开数据,"[""mock-p2""]"
100000000000000000000093,000000000000000000000001,宿舍桌面如何处理容易串味？第94次使用记录,宿舍桌面常遇到容易串味。这次试用可叠放保鲜盒，按“常见误区→原因解释→替代方法”记录。先描述限制，再演示分类和取放过程，最后说明不适用情况。,1782764800,658,22,120,8,https://www.xiaohongshu.com/explore/100000000000000000000093,未获取到公开数据,"[""mock-p0""]"
100000000000000000000094,000000000000000000000001,小户型冰箱如何处理尺寸不合？第95次使用记录,小户型冰箱常遇到尺寸不合。这次试用分隔午餐盒，按“用户提问→实测回应→使用提醒”记录。先描述限制，再演示分类和取放过程，最后说明不适用情况。,1782678400,665,33,120,9,https://www.xiaohongshu.com/explore/100000000000000000000094,未获取到公开数据,"[""mock-p1""]"
100000000000000000000095,000000000000000000000001,租房厨房如何处理空间不够？第96次使用记录,租房厨房常遇到空间不够。这次试用抽屉收纳盘，按“场景问题→操作演示→边界说明”记录。先描述限制，再演示分类和取放过程，最后说明不适用情况。,1782592000,672,44,120,10,https://www.xiaohongshu.com/explore/100000000000000000000095,未获取到公开数据,"[""mock-p2""]"
100000000000000000000096,000000000000000000000001,通勤午餐如何处理清洗麻烦？第97次使用记录,通勤午餐常遇到清洗麻烦。这次试用可叠放保鲜盒，按“两种方案对比→使用条件→取舍”记录。先描述限制，再演示分类和取放过程，最后说明不适用情况。,1782505600,679,55,120,11,https://www.xiaohongshu.com/explore/100000000000000000000096,未获取到公开数据,"[""mock-p0""]"
100000000000000000000097,000000000000000000000001,周末备餐如何处理拿取费时？第98次使用记录,周末备餐常遇到拿取费时。这次试用分隔午餐盒，按“真实流程→分步记录→复盘”记录。先描述限制，再演示分类和取放过程，最后说明不适用情况。,1782419200,686,66,120,12,https://www.xiaohongshu.com/explore/100000000000000000000097,未获取到公开数据,"[""mock-p1""]"
100000000000000000000098,000000000000000000000001,宿舍桌面如何处理容易串味？第99次使用记录,宿舍桌面常遇到容易串味。这次试用抽屉收纳盘，按“常见误区→原因解释→替代方法”记录。先描述限制，再演示分类和取放过程，最后说明不适用情况。,1782332800,693,77,120,13,https://www.xiaohongshu.com/explore/100000000000000000000098,未获取到公开数据,"[""mock-p2""]"
100000000000000000000099,000000000000000000000001,小户型冰箱如何处理尺寸不合？第100次使用记录,小户型冰箱常遇到尺寸不合。这次试用可叠放保鲜盒，按“用户提问→实测回应→使用提醒”记录。先描述限制，再演示分类和取放过程，最后说明不适用情况。,1782246400,700,88,120,14,https://www.xiaohongshu.com/explore/100000000000000000000099,未获取到公开数据,"[""mock-p0""]"
