note_id,title,score,index,evidence_ids
100000000000000000000099,小户型冰箱如何处理尺寸不合？第100次使用记录,922,169.51,"[""note:100000000000000000000099""]"
100000000000000000000098,宿舍桌面如何处理容易串味？第99次使用记录,903,166.02,"[""note:100000000000000000000098""]"
100000000000000000000090,租房厨房如何处理空间不够？第91次使用记录,894,164.37,"[""note:100000000000000000000090""]"
100000000000000000000097,周末备餐如何处理拿取费时？第98次使用记录,884,162.53,"[""note:100000000000000000000097""]"
100000000000000000000089,小户型冰箱如何处理尺寸不合？第90次使用记录,875,160.88,"[""note:100000000000000000000089""]"
100000000000000000000096,通勤午餐如何处理清洗麻烦？第97次使用记录,865,159.04,"[""note:100000000000000000000096""]"
100000000000000000000088,宿舍桌面如何处理容易串味？第89次使用记录,856,157.39,"[""note:100000000000000000000088""]"
100000000000000000000095,租房厨房如何处理空间不够？第96次使用记录,846,155.56,"[""note:100000000000000000000095""]"
100000000000000000000087,周末备餐如何处理拿取费时？第88次使用记录,837,153.9,"[""note:100000000000000000000087""]"
100000000000000000000094,小户型冰箱如何处理尺寸不合？第95次使用记录,827,152.07,"[""note:100000000000000000000094""]"
100000000000000000000086,通勤午餐如何处理清洗麻烦？第87次使用记录,818,150.41,"[""note:100000000000000000000086""]"
100000000000000000000093,宿舍桌面如何处理容易串味？第94次使用记录,808,148.58,"[""note:100000000000000000000093""]"
100000000000000000000077,周末备餐如何处理拿取费时？第78次使用记录,807,148.39,"[""note:100000000000000000000077""]"
100000000000000000000085,租房厨房如何处理空间不够？第86次使用记录,799,146.92,"[""note:100000000000000000000085""]"
100000000000000000000084,小户型冰箱如何处理尺寸不合？第85次使用记录,797,146.56,"[""note:100000000000000000000084""]"
100000000000000000000092,周末备餐如何处理拿取费时？第93次使用记录,789,145.09,"[""note:100000000000000000000092""]"
100000000000000000000076,通勤午餐如何处理清洗麻烦？第77次使用记录,788,144.9,"[""note:100000000000000000000076""]"
100000000000000000000083,宿舍桌面如何处理容易串味？第84次使用记录,778,143.07,"[""note:100000000000000000000083""]"
100000000000000000000091,通勤午餐如何处理清洗麻烦？第92次使用记录,770,141.6,"[""note:100000000000000000000091""]"
100000000000000000000075,租房厨房如何处理空间不够？第76次使用记录,769,141.41,"[""note:100000000000000000000075""]"
